case_id,source_kind,mp_id,formula,task_type,task_family,material_family,challenge_type,difficulty,prompt_goal,calc_type_pattern,normalization_profile,preferred_task_id,material_description,prompt_constraints,prompt_context,reference_remove_keys,reference_overrides,semantic_must_match_keys,policy_match_keys,policy_match_rules_json,optional_match_keys,ignore_keys,allowed_extra_keys,notes
P01_Si_Static_SCF,mp,mp-ft,Si,static_scf,static_scf,semiconductor,semiconductor_smearing,L1,ground_state_energy,Static,static_default,,Diamond silicon static SCF,Prepare an INCAR for a standalone static total-energy calculation.,"This is a single-point SCF task, not a structure relaxation or post-processing workflow.",,,IBRION|NSW,ENCUT|EDIFF|ISMEAR|SIGMA,,PREC|ALGO|LREAL,SYSTEM|LWAVE|LCHARG|ISPIN|MAGMOM|LSORBIT|SAXIS|LDAU|LMAXMIX|LASPH,,Semiconductor static baseline.
P02_GaAs_Line_Mode_Bands,mp,mp-dtm,GaAs,line_mode_bands,line_mode_bands,semiconductor,nscf_workflow,L3,band_structure,Line,band_structure,,Zinc-blende gallium arsenide line-mode band structure,Assume the charge density comes from a prior SCF run and this task is only the line-mode band calculation.,"This is a non-self-consistent band-structure step, not a geometry optimization or a fresh SCF run.",,,ICHARG|ISYM|IBRION|NSW,ENCUT|EDIFF|ISMEAR,,PREC|ALGO|LREAL,SYSTEM|LWAVE|LCHARG|ISPIN|MAGMOM|LSORBIT|SAXIS|LDAU|LMAXMIX|LASPH,,Expands GaAs into a full four-task material group.
P03_Fe_Static_Magnetic,mp,mp-n,Fe,static_scf,static_scf,magnetic_metal,spin_semantics,L2,ground_state_energy,Static,static_magnetic,,BCC ferromagnetic iron static SCF,Prepare an INCAR for a standalone static total-energy calculation.,"This is a single-point SCF task, not a structure relaxation or post-processing workflow.",,MAGMOM=2*2.2,ISPIN|IBRION|NSW,ENCUT|EDIFF|ISMEAR|SIGMA,,MAGMOM|PREC|ALGO,SYSTEM|LWAVE|LCHARG|LSORBIT|SAXIS|LDAU|LMAXMIX|LASPH,,Tests whether the model naturally turns on spin.
P04_LiF_Geometry_Relax,mp,mp-bru,LiF,geometry_relax,geometry_relax,ionic_insulator,relax_semantics,L1,force_converged_structure,Static,relax_default,,LiF ionic relaxation,Prepare an INCAR for a geometry optimization.,This task should relax the structure until forces are small; it is not a static single-point or post-processing step.,,,IBRION|ISIF,NSW|EDIFFG|ENCUT|EDIFF|ISMEAR,,SIGMA|PREC|ALGO,SYSTEM|LWAVE|LCHARG|ISPIN|MAGMOM|LSORBIT|SAXIS|LDAU|LMAXMIX|LASPH,,Relax-vs-static boundary on a simple insulator.
P05_AlN_Geometry_Relax,mp,mp-zl,AlN,geometry_relax,geometry_relax,semiconductor,relax_semantics,L1,force_converged_structure,Static,relax_default,,Wurtzite aluminum nitride relaxation,Prepare an INCAR for a geometry optimization.,This task should relax the structure until forces are small; it is not a static single-point or post-processing step.,,,IBRION|ISIF,NSW|EDIFFG|ENCUT|EDIFF|ISMEAR,,SIGMA|PREC|ALGO,SYSTEM|LWAVE|LCHARG|ISPIN|MAGMOM|LSORBIT|SAXIS|LDAU|LMAXMIX|LASPH,,Second relax case to test generalization beyond alkali halides.
P06_Si_Line_Mode_Bands,mp,mp-ft,Si,line_mode_bands,line_mode_bands,semiconductor,nscf_workflow,L2,band_structure,Line,band_structure,,Diamond silicon line-mode band structure,Assume the charge density comes from a prior SCF run and this task is only the line-mode band calculation.,"This is a non-self-consistent band-structure step, not a geometry optimization or a fresh SCF run.",,,ICHARG|ISYM|IBRION|NSW,ENCUT|EDIFF|ISMEAR,,SIGMA|LREAL|ALGO,SYSTEM|LWAVE|LCHARG|ISPIN|MAGMOM|LSORBIT|SAXIS|LDAU|LMAXMIX|LASPH,,Tests whether the model understands line-mode NSCF semantics.
P07_GaAs_DOS_NSCF,mp,mp-dtm,GaAs,dos_nscf,dos_nscf,semiconductor,nscf_workflow,L2,density_of_states,Static,dos_nscf,,GaAs DOS post-processing step,Assume this is a DOS calculation using a previously converged charge density.,"This is a non-self-consistent DOS post-processing step, not a fresh SCF run or a geometry optimization.",,,ICHARG|ISYM|IBRION|NSW,ISMEAR|SIGMA,,ENCUT|EDIFF|LREAL|ALGO,SYSTEM|LWAVE|LCHARG|ISPIN|MAGMOM|LSORBIT|SAXIS|LDAU|LMAXMIX|LASPH,,Tests DOS-style NSCF generation.
P08_TiO2_Static_DFTU,mp,mp-bfnyk,TiO2,static_scf,static_scf,oxide,dftu_semantics,L3,ground_state_energy,Static,static_default,,TiO2 static calculation with explicit DFT+U settings,Prepare an INCAR for a standalone static total-energy calculation.,"This is a single-point SCF task, not a structure relaxation or post-processing workflow.",,,LDAU,ENCUT|EDIFF|LMAXMIX|LASPH|ISMEAR,,PREC|ALGO|LREAL,SYSTEM|LWAVE|LCHARG|ISPIN|MAGMOM|LSORBIT|SAXIS|LDAUJ|LDAUL|LDAUTYPE|LDAUU,,"DFT+U completeness test for a non-magnetic oxide. Seed lacks LDAUJ, LDAUL, LDAUTYPE, LDAUU; these keys are therefore ignored in scoring."
P09_FeO_Static_DFTU_Spin,mp,mp-bbzd,FeO,static_scf,static_scf,correlated_oxide,dftu_semantics,L3,ground_state_energy,Static,static_magnetic,,FeO static calculation with spin and DFT+U,Prepare an INCAR for a standalone static total-energy calculation.,"This is a single-point SCF task, not a structure relaxation or post-processing workflow.",,MAGMOM=2*4.0 2*0.0,ISPIN|LDAU|LDAUTYPE|LDAUL,ENCUT|EDIFF|LMAXMIX|LDAUU|LDAUJ|LASPH|ISMEAR,,MAGMOM|PREC|ALGO,SYSTEM|LWAVE|LCHARG|LSORBIT|SAXIS,,Tests coupled spin + U reasoning.
P10_MoS2_Relax_vdW,mp,mp-cgmaf,MoS2,geometry_relax,geometry_relax,layered_material,vdw_semantics,L3,force_converged_structure,Static,relax_default,,Layered MoS2 relaxation with dispersion correction,Prepare an INCAR for a geometry optimization.,This task should relax the structure until forces are small; it is not a static single-point or post-processing step.,,,IBRION|ISIF,NSW|EDIFFG|ENCUT|ISMEAR,,SIGMA|PREC|ALGO,SYSTEM|LWAVE|LCHARG|ISPIN|MAGMOM|LSORBIT|SAXIS|LDAU|LMAXMIX|LASPH|IVDW,,Tests whether the model knows to add a vdW treatment. Seed lacks IVDW; these keys are therefore ignored in scoring.
P11_InSb_Static_SOC,mp,mp-bdps,InSb,static_scf,static_scf,heavy_element_semiconductor,soc_semantics,L3,ground_state_energy,Static,static_default,,InSb static calculation with spin-orbit coupling,Prepare an INCAR for a standalone static total-energy calculation.,"This is a single-point SCF task, not a structure relaxation or post-processing workflow.",,,LSORBIT|ISYM,ENCUT|EDIFF|SAXIS|ISMEAR,,PREC|ALGO|LREAL,SYSTEM|LWAVE|LCHARG|ISPIN|MAGMOM|LDAU|LMAXMIX|LASPH,,Heavy-element SOC awareness test.
P12_VO2_Static_Symmetry,mp,mp-cktpr,VO2,static_scf,static_scf,correlated_oxide,symmetry_sensitive,L3,ground_state_energy,Static,static_magnetic,,Low-symmetry VO2 static calculation with reduced symmetry,Prepare an INCAR for a standalone static total-energy calculation.,"This is a single-point SCF task, not a structure relaxation or post-processing workflow.",,MAGMOM=2*1.0 4*0.0,ISPIN|ISYM,ENCUT|EDIFF|ISMEAR,,MAGMOM|PREC|ALGO|LREAL,SYSTEM|LWAVE|LCHARG|LSORBIT|SAXIS|LDAU|LDAUTYPE|LDAUL|LDAUU|LDAUJ|LMAXMIX|LASPH,,Tests symmetry judgment in a correlated oxide.
P13_Cu_Static_SCF,mp,mp-be,Cu,static_scf,static_scf,elemental,metal_smearing,L1,ground_state_energy,Static,static_default,,FCC copper static SCF,Prepare an INCAR for a standalone static total-energy calculation.,"This is a single-point SCF task, not a structure relaxation or post-processing workflow.",,,IBRION|NSW,ENCUT|EDIFF|ISMEAR|SIGMA,,PREC|ALGO|LREAL,SYSTEM|LWAVE|LCHARG|ISPIN|MAGMOM|LSORBIT|SAXIS|LDAU|LMAXMIX|LASPH,,Extends metal smearing coverage beyond the seed set.
P14_Cu_Geometry_Relax,mp,mp-be,Cu,geometry_relax,geometry_relax,elemental,relax_semantics,L1,force_converged_structure,Static,relax_default,,FCC copper relaxation,Prepare an INCAR for a geometry optimization.,This task should relax the structure until forces are small; it is not a static single-point or post-processing step.,,,IBRION|ISIF,NSW|EDIFFG|ENCUT|EDIFF|ISMEAR,,SIGMA|PREC|ALGO,SYSTEM|LWAVE|LCHARG|ISPIN|MAGMOM|LSORBIT|SAXIS|LDAU|LMAXMIX|LASPH,,Tests spin-aware relaxation or static setup.
P15_Cu_Line_Mode_Bands,mp,mp-be,Cu,line_mode_bands,line_mode_bands,elemental,nscf_workflow,L2,band_structure,Line,band_structure,,FCC copper line-mode band structure,Assume the charge density comes from a prior SCF run and this task is only the line-mode band calculation.,"This is a non-self-consistent band-structure step, not a geometry optimization or a fresh SCF run.",,,ICHARG|ISYM|IBRION|NSW,ENCUT|EDIFF|ISMEAR,,PREC|ALGO|LREAL,SYSTEM|LWAVE|LCHARG|ISPIN|MAGMOM|LSORBIT|SAXIS|LDAU|LMAXMIX|LASPH,,Tests line-mode NSCF INCAR semantics.
P16_Cu_DOS_NSCF,mp,mp-be,Cu,dos_nscf,dos_nscf,elemental,nscf_workflow,L2,density_of_states,Static,dos_nscf,,FCC copper DOS post-processing step,Assume this is a DOS calculation using a previously converged charge density.,"This is a non-self-consistent DOS post-processing step, not a fresh SCF run or a geometry optimization.",,,ICHARG|ISYM|IBRION|NSW,ISMEAR|SIGMA,,PREC|ALGO,SYSTEM|LWAVE|LCHARG|ISPIN|MAGMOM|LSORBIT|SAXIS|LDAU|LMAXMIX|LASPH,,Tests DOS-style NSCF INCAR semantics.
P17_W_Static_SCF,mp,mp-dn,W,static_scf,static_scf,elemental,metal_smearing,L1,ground_state_energy,Static,static_default,,BCC tungsten static SCF,Prepare an INCAR for a standalone static total-energy calculation.,"This is a single-point SCF task, not a structure relaxation or post-processing workflow.",,,IBRION|NSW,ENCUT|EDIFF|ISMEAR|SIGMA,,PREC|ALGO|LREAL,SYSTEM|LWAVE|LCHARG|ISPIN|MAGMOM|LSORBIT|SAXIS|LDAU|LMAXMIX|LASPH,,Extends metal smearing coverage beyond the seed set.
P18_W_Geometry_Relax,mp,mp-dn,W,geometry_relax,geometry_relax,elemental,relax_semantics,L1,force_converged_structure,Static,relax_default,,BCC tungsten relaxation,Prepare an INCAR for a geometry optimization.,This task should relax the structure until forces are small; it is not a static single-point or post-processing step.,,,IBRION|ISIF,NSW|EDIFFG|ENCUT|EDIFF|ISMEAR,,SIGMA|PREC|ALGO,SYSTEM|LWAVE|LCHARG|ISPIN|MAGMOM|LSORBIT|SAXIS|LDAU|LMAXMIX|LASPH,,Tests spin-aware relaxation or static setup.
P19_W_Line_Mode_Bands,mp,mp-dn,W,line_mode_bands,line_mode_bands,elemental,nscf_workflow,L2,band_structure,Line,band_structure,,BCC tungsten line-mode band structure,Assume the charge density comes from a prior SCF run and this task is only the line-mode band calculation.,"This is a non-self-consistent band-structure step, not a geometry optimization or a fresh SCF run.",,,ICHARG|ISYM|IBRION|NSW,ENCUT|EDIFF|ISMEAR,,PREC|ALGO|LREAL,SYSTEM|LWAVE|LCHARG|ISPIN|MAGMOM|LSORBIT|SAXIS|LDAU|LMAXMIX|LASPH,,Tests line-mode NSCF INCAR semantics.
P20_W_DOS_NSCF,mp,mp-dn,W,dos_nscf,dos_nscf,elemental,nscf_workflow,L2,density_of_states,Static,dos_nscf,,BCC tungsten DOS post-processing step,Assume this is a DOS calculation using a previously converged charge density.,"This is a non-self-consistent DOS post-processing step, not a fresh SCF run or a geometry optimization.",,,ICHARG|ISYM|IBRION|NSW,ISMEAR|SIGMA,,PREC|ALGO,SYSTEM|LWAVE|LCHARG|ISPIN|MAGMOM|LSORBIT|SAXIS|LDAU|LMAXMIX|LASPH,,Tests DOS-style NSCF INCAR semantics.
P21_Te_Static_SCF,mp,mp-t,Te,static_scf,static_scf,elemental,soc_semantics,L2,ground_state_energy,Static,static_default,,Trigonal tellurium static SCF,Prepare an INCAR for a standalone static total-energy calculation.,"This is a single-point SCF task, not a structure relaxation or post-processing workflow.",,,IBRION|NSW|LSORBIT|ISYM,ENCUT|EDIFF|ISMEAR|SIGMA|SAXIS,,PREC|ALGO|LREAL,SYSTEM|LWAVE|LCHARG|ISPIN|MAGMOM|LDAU|LMAXMIX|LASPH,,Extends SOC-aware generation beyond the seed set.
P22_Te_Geometry_Relax,mp,mp-t,Te,geometry_relax,geometry_relax,elemental,relax_semantics,L2,force_converged_structure,Static,relax_default,,Trigonal tellurium relaxation,Prepare an INCAR for a geometry optimization.,This task should relax the structure until forces are small; it is not a static single-point or post-processing step.,,,IBRION|ISIF,NSW|EDIFFG|ENCUT|EDIFF|ISMEAR,,SIGMA|PREC|ALGO,SYSTEM|LWAVE|LCHARG|ISPIN|MAGMOM|LSORBIT|SAXIS|LDAU|LMAXMIX|LASPH,,Tests relaxation INCAR semantics on a non-cubic material.
P23_Te_Line_Mode_Bands,mp,mp-t,Te,line_mode_bands,line_mode_bands,elemental,soc_semantics,L3,band_structure,Line,band_structure,,Trigonal tellurium line-mode band structure,Assume the charge density comes from a prior SCF run and this task is only the line-mode band calculation.,"This is a non-self-consistent band-structure step, not a geometry optimization or a fresh SCF run.",,,ICHARG|ISYM|IBRION|NSW|LSORBIT,ENCUT|EDIFF|SAXIS|ISMEAR,,PREC|ALGO|LREAL,SYSTEM|LWAVE|LCHARG|ISPIN|MAGMOM|LDAU|LMAXMIX|LASPH,,Extends SOC-aware generation beyond the seed set.
P24_Te_DOS_NSCF,mp,mp-t,Te,dos_nscf,dos_nscf,elemental,soc_semantics,L3,density_of_states,Static,dos_nscf,,Trigonal tellurium DOS post-processing step,Assume this is a DOS calculation using a previously converged charge density.,"This is a non-self-consistent DOS post-processing step, not a fresh SCF run or a geometry optimization.",,,ICHARG|ISYM|IBRION|NSW|LSORBIT,ISMEAR|SIGMA|SAXIS,,PREC|ALGO,SYSTEM|LWAVE|LCHARG|ISPIN|MAGMOM|LDAU|LMAXMIX|LASPH,,Tests whether SOC-related tags are preserved in the NSCF INCAR for a non-cubic material.
P25_BP_Static_SCF,mp,mp-cex,BP,static_scf,static_scf,binary_compound,semiconductor_smearing,L1,ground_state_energy,Static,static_default,,Zinc-blende boron phosphide static SCF,Prepare an INCAR for a standalone static total-energy calculation.,"This is a single-point SCF task, not a structure relaxation or post-processing workflow.",,,IBRION|NSW,ENCUT|EDIFF|ISMEAR|SIGMA,,PREC|ALGO|LREAL,SYSTEM|LWAVE|LCHARG|ISPIN|MAGMOM|LSORBIT|SAXIS|LDAU|LMAXMIX|LASPH,,Extends semiconductor static coverage beyond the seed set.
P26_BP_Geometry_Relax,mp,mp-cex,BP,geometry_relax,geometry_relax,binary_compound,relax_semantics,L1,force_converged_structure,Static,relax_default,,Zinc-blende boron phosphide relaxation,Prepare an INCAR for a geometry optimization.,This task should relax the structure until forces are small; it is not a static single-point or post-processing step.,,,IBRION|ISIF,NSW|EDIFFG|ENCUT|EDIFF|ISMEAR,,SIGMA|PREC|ALGO,SYSTEM|LWAVE|LCHARG|ISPIN|MAGMOM|LSORBIT|SAXIS|LDAU|LMAXMIX|LASPH,,Tests spin-aware relaxation or static setup.
P27_BP_Line_Mode_Bands,mp,mp-cex,BP,line_mode_bands,line_mode_bands,binary_compound,nscf_workflow,L2,band_structure,Line,band_structure,,Zinc-blende boron phosphide line-mode band structure,Assume the charge density comes from a prior SCF run and this task is only the line-mode band calculation.,"This is a non-self-consistent band-structure step, not a geometry optimization or a fresh SCF run.",,,ICHARG|ISYM|IBRION|NSW,ENCUT|EDIFF|ISMEAR,,PREC|ALGO|LREAL,SYSTEM|LWAVE|LCHARG|ISPIN|MAGMOM|LSORBIT|SAXIS|LDAU|LMAXMIX|LASPH,,Tests line-mode NSCF INCAR semantics.
P28_BP_DOS_NSCF,mp,mp-cex,BP,dos_nscf,dos_nscf,binary_compound,nscf_workflow,L2,density_of_states,Static,dos_nscf,,Zinc-blende boron phosphide DOS post-processing step,Assume this is a DOS calculation using a previously converged charge density.,"This is a non-self-consistent DOS post-processing step, not a fresh SCF run or a geometry optimization.",,,ICHARG|ISYM|IBRION|NSW,ISMEAR|SIGMA,,PREC|ALGO,SYSTEM|LWAVE|LCHARG|ISPIN|MAGMOM|LSORBIT|SAXIS|LDAU|LMAXMIX|LASPH,,Tests DOS-style NSCF INCAR semantics.
P29_ZnSe_Static_SCF,mp,mp-btu,ZnSe,static_scf,static_scf,binary_compound,semiconductor_smearing,L1,ground_state_energy,Static,static_default,,Zinc-blende zinc selenide static SCF,Prepare an INCAR for a standalone static total-energy calculation.,"This is a single-point SCF task, not a structure relaxation or post-processing workflow.",,,IBRION|NSW,ENCUT|EDIFF|ISMEAR|SIGMA,,PREC|ALGO|LREAL,SYSTEM|LWAVE|LCHARG|ISPIN|MAGMOM|LSORBIT|SAXIS|LDAU|LMAXMIX|LASPH,,Extends semiconductor static coverage beyond the seed set.
P30_ZnSe_Geometry_Relax,mp,mp-btu,ZnSe,geometry_relax,geometry_relax,binary_compound,relax_semantics,L1,force_converged_structure,Static,relax_default,,Zinc-blende zinc selenide relaxation,Prepare an INCAR for a geometry optimization.,This task should relax the structure until forces are small; it is not a static single-point or post-processing step.,,,IBRION|ISIF,NSW|EDIFFG|ENCUT|EDIFF|ISMEAR,,SIGMA|PREC|ALGO,SYSTEM|LWAVE|LCHARG|ISPIN|MAGMOM|LSORBIT|SAXIS|LDAU|LMAXMIX|LASPH,,Tests spin-aware relaxation or static setup.
P31_ZnSe_Line_Mode_Bands,mp,mp-btu,ZnSe,line_mode_bands,line_mode_bands,binary_compound,nscf_workflow,L2,band_structure,Line,band_structure,,Zinc-blende zinc selenide line-mode band structure,Assume the charge density comes from a prior SCF run and this task is only the line-mode band calculation.,"This is a non-self-consistent band-structure step, not a geometry optimization or a fresh SCF run.",,,ICHARG|ISYM|IBRION|NSW,ENCUT|EDIFF|ISMEAR,,PREC|ALGO|LREAL,SYSTEM|LWAVE|LCHARG|ISPIN|MAGMOM|LSORBIT|SAXIS|LDAU|LMAXMIX|LASPH,,Tests line-mode NSCF INCAR semantics.
P32_ZnSe_DOS_NSCF,mp,mp-btu,ZnSe,dos_nscf,dos_nscf,binary_compound,nscf_workflow,L2,density_of_states,Static,dos_nscf,,Zinc-blende zinc selenide DOS post-processing step,Assume this is a DOS calculation using a previously converged charge density.,"This is a non-self-consistent DOS post-processing step, not a fresh SCF run or a geometry optimization.",,,ICHARG|ISYM|IBRION|NSW,ISMEAR|SIGMA,,PREC|ALGO,SYSTEM|LWAVE|LCHARG|ISPIN|MAGMOM|LSORBIT|SAXIS|LDAU|LMAXMIX|LASPH,,Tests DOS-style NSCF INCAR semantics.
P33_TiN_Static_SCF,mp,mp-sy,TiN,static_scf,static_scf,binary_compound,metal_smearing,L1,ground_state_energy,Static,static_default,,Rocksalt titanium nitride static SCF,Prepare an INCAR for a standalone static total-energy calculation.,"This is a single-point SCF task, not a structure relaxation or post-processing workflow.",,,IBRION|NSW,ENCUT|EDIFF|ISMEAR|SIGMA,,PREC|ALGO|LREAL,SYSTEM|LWAVE|LCHARG|ISPIN|MAGMOM|LSORBIT|SAXIS|LDAU|LMAXMIX|LASPH,,Extends metal smearing coverage beyond the seed set.
P34_TiN_Geometry_Relax,mp,mp-sy,TiN,geometry_relax,geometry_relax,binary_compound,relax_semantics,L1,force_converged_structure,Static,relax_default,,Rocksalt titanium nitride relaxation,Prepare an INCAR for a geometry optimization.,This task should relax the structure until forces are small; it is not a static single-point or post-processing step.,,,IBRION|ISIF,NSW|EDIFFG|ENCUT|EDIFF|ISMEAR,,SIGMA|PREC|ALGO,SYSTEM|LWAVE|LCHARG|ISPIN|MAGMOM|LSORBIT|SAXIS|LDAU|LMAXMIX|LASPH,,Tests spin-aware relaxation or static setup.
P35_TiN_Line_Mode_Bands,mp,mp-sy,TiN,line_mode_bands,line_mode_bands,binary_compound,nscf_workflow,L2,band_structure,Line,band_structure,,Rocksalt titanium nitride line-mode band structure,Assume the charge density comes from a prior SCF run and this task is only the line-mode band calculation.,"This is a non-self-consistent band-structure step, not a geometry optimization or a fresh SCF run.",,,ICHARG|ISYM|IBRION|NSW,ENCUT|EDIFF|ISMEAR,,PREC|ALGO|LREAL,SYSTEM|LWAVE|LCHARG|ISPIN|MAGMOM|LSORBIT|SAXIS|LDAU|LMAXMIX|LASPH,,Tests line-mode NSCF INCAR semantics.
P36_TiN_DOS_NSCF,mp,mp-sy,TiN,dos_nscf,dos_nscf,binary_compound,nscf_workflow,L2,density_of_states,Static,dos_nscf,,Rocksalt titanium nitride DOS post-processing step,Assume this is a DOS calculation using a previously converged charge density.,"This is a non-self-consistent DOS post-processing step, not a fresh SCF run or a geometry optimization.",,,ICHARG|ISYM|IBRION|NSW,ISMEAR|SIGMA,,PREC|ALGO,SYSTEM|LWAVE|LCHARG|ISPIN|MAGMOM|LSORBIT|SAXIS|LDAU|LMAXMIX|LASPH,,Tests DOS-style NSCF INCAR semantics.
P37_CoO_Static_SCF,mp,mp-bhdw,CoO,static_scf,static_scf,transition_metal_oxide,dftu_semantics,L2,ground_state_energy,Static,static_magnetic,,Cobalt monoxide static SCF,Prepare an INCAR for a standalone static total-energy calculation.,"This is a single-point SCF task, not a structure relaxation or post-processing workflow.",,MAGMOM=auto_by_species,ISPIN|IBRION|NSW|LDAU|LDAUTYPE|LDAUL,ENCUT|EDIFF|LDAUU|LDAUJ|LMAXMIX|LASPH|ISMEAR,,MAGMOM|PREC|ALGO|LREAL,SYSTEM|LWAVE|LCHARG|LSORBIT|SAXIS,,Tests DFT+U policy completion on a more complex chemistry.
P38_CoO_Geometry_Relax,mp,mp-bhdw,CoO,geometry_relax,geometry_relax,transition_metal_oxide,magnetic_initialization,L3,force_converged_structure,Static,relax_default,,Cobalt monoxide relaxation,Prepare an INCAR for a geometry optimization.,This task should relax the structure until forces are small; it is not a static single-point or post-processing step.,,MAGMOM=auto_by_species,ISPIN|IBRION|ISIF,NSW|EDIFFG|ENCUT|EDIFF|LDAU|LDAUU|LDAUJ|LMAXMIX|LASPH|ISMEAR,,SIGMA|MAGMOM|PREC|ALGO,SYSTEM|LWAVE|LCHARG|LSORBIT|SAXIS|LDAUTYPE|LDAUL,,Tests spin-aware relaxation or static setup.
P39_CoO_Line_Mode_Bands,mp,mp-bhdw,CoO,line_mode_bands,line_mode_bands,transition_metal_oxide,dftu_semantics,L3,band_structure,Line,band_structure,,Cobalt monoxide line-mode band structure,Assume the charge density comes from a prior SCF run and this task is only the line-mode band calculation.,"This is a non-self-consistent band-structure step, not a geometry optimization or a fresh SCF run.",,,ICHARG|ISYM|IBRION|NSW|LDAU|LDAUTYPE|LDAUL,ENCUT|EDIFF|LDAUU|LDAUJ|ISMEAR,,LASPH|MAGMOM|PREC|ALGO|LREAL,SYSTEM|LWAVE|LCHARG|ISPIN|LSORBIT|SAXIS|LMAXMIX,,Tests whether DFT+U tags are preserved in the line-mode NSCF INCAR.
P40_CoO_DOS_NSCF,mp,mp-bhdw,CoO,dos_nscf,dos_nscf,transition_metal_oxide,dftu_semantics,L3,density_of_states,Static,dos_nscf,,Cobalt monoxide DOS post-processing step,Assume this is a DOS calculation using a previously converged charge density.,"This is a non-self-consistent DOS post-processing step, not a fresh SCF run or a geometry optimization.",,,ICHARG|ISYM|IBRION|NSW,ISMEAR|SIGMA|LDAU|LDAUU|LDAUJ,,LASPH|MAGMOM|PREC|ALGO,SYSTEM|LWAVE|LCHARG|ISPIN|LSORBIT|SAXIS|LDAUTYPE|LDAUL|LMAXMIX,,Tests whether DFT+U tags are preserved in the DOS NSCF INCAR.
P43_FeO_Line_Mode_Bands,mp,mp-bbzd,FeO,line_mode_bands,line_mode_bands,transition_metal_oxide,dftu_semantics,L3,band_structure,Line,band_structure,,Iron monoxide line-mode band structure,Assume the charge density comes from a prior SCF run and this task is only the line-mode band calculation.,"This is a non-self-consistent band-structure step, not a geometry optimization or a fresh SCF run.",,,ICHARG|ISYM|IBRION|NSW|LDAU|LDAUTYPE|LDAUL,ENCUT|EDIFF|LDAUU|LDAUJ|ISMEAR,,MAGMOM|LASPH|PREC|ALGO|LREAL,SYSTEM|LWAVE|LCHARG|ISPIN|LSORBIT|SAXIS|LMAXMIX,,Uses a real MP NSCF line task for a magnetic correlated oxide.
P44_FeO_DOS_NSCF,mp,mp-bbzd,FeO,dos_nscf,dos_nscf,transition_metal_oxide,dftu_semantics,L3,density_of_states,Static,dos_nscf,,Iron monoxide DOS post-processing step,Assume this is a DOS calculation using a previously converged charge density.,"This is a non-self-consistent DOS post-processing step, not a fresh SCF run or a geometry optimization.",,,ICHARG|ISYM|IBRION|NSW|LDAU|LDAUTYPE|LDAUL,ISMEAR|SIGMA|LDAUU|LDAUJ,,MAGMOM|LASPH|PREC|ALGO,SYSTEM|LWAVE|LCHARG|ISPIN|LSORBIT|SAXIS|LMAXMIX,,Uses a real MP NSCF uniform DOS task for a magnetic correlated oxide.
P45_Cr2O3_Static_SCF,mp,mp-bcsd,Cr2O3,static_scf,static_scf,transition_metal_oxide,dftu_semantics,L2,ground_state_energy,Static,static_magnetic,,Chromia static SCF,Prepare an INCAR for a standalone static total-energy calculation.,"This is a single-point SCF task, not a structure relaxation or post-processing workflow.",,MAGMOM=auto_by_species,ISPIN|IBRION|NSW|LDAU|LDAUTYPE|LDAUL,ENCUT|EDIFF|LDAUU|LDAUJ|LMAXMIX|LASPH|ISMEAR,,MAGMOM|PREC|ALGO|LREAL,SYSTEM|LWAVE|LCHARG|LSORBIT|SAXIS,,Tests DFT+U policy completion on a more complex chemistry.
P46_Cr2O3_Geometry_Relax,mp,mp-bcsd,Cr2O3,geometry_relax,geometry_relax,transition_metal_oxide,magnetic_initialization,L3,force_converged_structure,Static,relax_default,,Chromia relaxation,Prepare an INCAR for a geometry optimization.,This task should relax the structure until forces are small; it is not a static single-point or post-processing step.,,MAGMOM=auto_by_species,ISPIN|IBRION|ISIF,NSW|EDIFFG|ENCUT|EDIFF|LDAU|LDAUU|LDAUJ|LMAXMIX|LASPH|ISMEAR,,SIGMA|MAGMOM|PREC|ALGO,SYSTEM|LWAVE|LCHARG|LSORBIT|SAXIS|LDAUTYPE|LDAUL,,Tests spin-aware relaxation or static setup.
P47_Cr2O3_Line_Mode_Bands,mp,mp-bcsd,Cr2O3,line_mode_bands,line_mode_bands,transition_metal_oxide,symmetry_sensitive,L3,band_structure,Line,band_structure,,Chromia line-mode band structure,Assume the charge density comes from a prior SCF run and this task is only the line-mode band calculation.,"This is a non-self-consistent band-structure step, not a geometry optimization or a fresh SCF run.",,,ICHARG|ISYM|IBRION|NSW,ENCUT|EDIFF|ISMEAR,,LASPH|MAGMOM|PREC|ALGO|LREAL,SYSTEM|LWAVE|LCHARG|ISPIN|LSORBIT|SAXIS|LDAU|LDAUTYPE|LDAUL|LDAUU|LDAUJ|LMAXMIX,,Tests symmetry-sensitive workflow choices on a low-symmetry material.
P48_Cr2O3_DOS_NSCF,mp,mp-bcsd,Cr2O3,dos_nscf,dos_nscf,transition_metal_oxide,dftu_semantics,L3,density_of_states,Static,dos_nscf,,Chromia DOS post-processing step,Assume this is a DOS calculation using a previously converged charge density.,"This is a non-self-consistent DOS post-processing step, not a fresh SCF run or a geometry optimization.",,,ICHARG|ISYM|IBRION|NSW,ISMEAR|SIGMA|LDAU|LDAUU|LDAUJ,,LASPH|MAGMOM|PREC|ALGO,SYSTEM|LWAVE|LCHARG|ISPIN|LSORBIT|SAXIS|LDAUTYPE|LDAUL|LMAXMIX,,Tests whether DFT+U tags are preserved in the DOS NSCF INCAR.
P49_FeSe_Static_SCF,mp,mp-bebf,FeSe,static_scf,static_scf,chalcogenide,spin_semantics,L1,ground_state_energy,Static,static_magnetic,,Tetragonal iron selenide static SCF,Prepare an INCAR for a standalone static total-energy calculation.,"This is a single-point SCF task, not a structure relaxation or post-processing workflow.",,MAGMOM=auto_by_species,ISPIN|IBRION|NSW,ENCUT|EDIFF|ISMEAR|SIGMA,,MAGMOM|PREC|ALGO|LREAL,SYSTEM|LWAVE|LCHARG|LSORBIT|SAXIS|LDAU|LMAXMIX|LASPH,,Tests spin-aware relaxation or static setup.
P50_FeSe_Geometry_Relax,mp,mp-bebf,FeSe,geometry_relax,geometry_relax,chalcogenide,magnetic_initialization,L2,force_converged_structure,Static,relax_default,,Tetragonal iron selenide relaxation,Prepare an INCAR for a geometry optimization.,This task should relax the structure until forces are small; it is not a static single-point or post-processing step.,,MAGMOM=auto_by_species,ISPIN|IBRION|ISIF,NSW|EDIFFG|ENCUT|EDIFF|ISMEAR,,SIGMA|MAGMOM|PREC|ALGO,SYSTEM|LWAVE|LCHARG|LSORBIT|SAXIS|LDAU|LMAXMIX|LASPH,,Tests spin-aware relaxation or static setup.
P51_FeSe_Line_Mode_Bands,mp,mp-bebf,FeSe,line_mode_bands,line_mode_bands,chalcogenide,nscf_workflow,L3,band_structure,Line,band_structure,,Tetragonal iron selenide line-mode band structure,Assume the charge density comes from a prior SCF run and this task is only the line-mode band calculation.,"This is a non-self-consistent band-structure step, not a geometry optimization or a fresh SCF run.",,,ICHARG|ISYM|IBRION|NSW,ENCUT|EDIFF|ISMEAR,,MAGMOM|PREC|ALGO|LREAL,SYSTEM|LWAVE|LCHARG|ISPIN|LSORBIT|SAXIS|LDAU|LMAXMIX|LASPH,,Tests line-mode NSCF INCAR semantics.
P52_FeSe_DOS_NSCF,mp,mp-bebf,FeSe,dos_nscf,dos_nscf,chalcogenide,nscf_workflow,L3,density_of_states,Static,dos_nscf,,Tetragonal iron selenide DOS post-processing step,Assume this is a DOS calculation using a previously converged charge density.,"This is a non-self-consistent DOS post-processing step, not a fresh SCF run or a geometry optimization.",,,ICHARG|ISYM|IBRION|NSW,ISMEAR|SIGMA,,MAGMOM|PREC|ALGO,SYSTEM|LWAVE|LCHARG|ISPIN|LSORBIT|SAXIS|LDAU|LMAXMIX|LASPH,,Tests DOS-style NSCF INCAR semantics.
P53_SnSe2_Static_SCF,mp,mp-zp,SnSe2,static_scf,static_scf,chalcogenide,semiconductor_smearing,L1,ground_state_energy,Static,static_default,,Tin diselenide static SCF,Prepare an INCAR for a standalone static total-energy calculation.,"This is a single-point SCF task, not a structure relaxation or post-processing workflow.",,,IBRION|NSW,ENCUT|EDIFF|ISMEAR|SIGMA,,PREC|ALGO|LREAL,SYSTEM|LWAVE|LCHARG|ISPIN|MAGMOM|LSORBIT|SAXIS|LDAU|LMAXMIX|LASPH,,Extends semiconductor static coverage beyond the seed set.
P54_SnSe2_Geometry_Relax,mp,mp-zp,SnSe2,geometry_relax,geometry_relax,chalcogenide,vdw_semantics,L2,force_converged_structure,Static,relax_default,,Tin diselenide relaxation,Prepare an INCAR for a geometry optimization.,This task should relax the structure until forces are small; it is not a static single-point or post-processing step.,,,IBRION|ISIF,NSW|EDIFFG|ENCUT|EDIFF|ISMEAR,,SIGMA|PREC|ALGO,SYSTEM|LWAVE|LCHARG|ISPIN|MAGMOM|LSORBIT|SAXIS|LDAU|LMAXMIX|LASPH|IVDW,,Tests whether the model adds a dispersion treatment for a layered structure. Seed lacks IVDW; these keys are therefore ignored in scoring.
P55_SnSe2_Line_Mode_Bands,mp,mp-zp,SnSe2,line_mode_bands,line_mode_bands,chalcogenide,nscf_workflow,L3,band_structure,Line,band_structure,,Tin diselenide line-mode band structure,Assume the charge density comes from a prior SCF run and this task is only the line-mode band calculation.,"This is a non-self-consistent band-structure step, not a geometry optimization or a fresh SCF run.",,,ICHARG|ISYM|IBRION|NSW,ENCUT|EDIFF|ISMEAR,,PREC|ALGO|LREAL,SYSTEM|LWAVE|LCHARG|ISPIN|MAGMOM|LSORBIT|SAXIS|LDAU|LMAXMIX|LASPH,,Tests line-mode NSCF INCAR semantics.
P56_SnSe2_DOS_NSCF,mp,mp-zp,SnSe2,dos_nscf,dos_nscf,chalcogenide,nscf_workflow,L3,density_of_states,Static,dos_nscf,,Tin diselenide DOS post-processing step,Assume this is a DOS calculation using a previously converged charge density.,"This is a non-self-consistent DOS post-processing step, not a fresh SCF run or a geometry optimization.",,,ICHARG|ISYM|IBRION|NSW,ISMEAR|SIGMA,,PREC|ALGO,SYSTEM|LWAVE|LCHARG|ISPIN|MAGMOM|LSORBIT|SAXIS|LDAU|LMAXMIX|LASPH,,Tests DOS-style NSCF INCAR semantics.
P57_Bi2Se3_Static_SCF,mp,mp-bevnx,Bi2Se3,static_scf,static_scf,chalcogenide,soc_semantics,L2,ground_state_energy,Static,static_default,,Bismuth selenide static SCF,Prepare an INCAR for a standalone static total-energy calculation.,"This is a single-point SCF task, not a structure relaxation or post-processing workflow.",,,IBRION|NSW|LSORBIT|ISYM,ENCUT|EDIFF|ISMEAR|SIGMA|SAXIS,,PREC|ALGO|LREAL,SYSTEM|LWAVE|LCHARG|ISPIN|MAGMOM|LDAU|LMAXMIX|LASPH,,Extends SOC-aware generation beyond the seed set.
P58_Bi2Se3_Geometry_Relax,mp,mp-bevnx,Bi2Se3,geometry_relax,geometry_relax,chalcogenide,vdw_semantics,L2,force_converged_structure,Static,relax_default,,Bismuth selenide relaxation,Prepare an INCAR for a geometry optimization.,This task should relax the structure until forces are small; it is not a static single-point or post-processing step.,,,IBRION|ISIF,NSW|EDIFFG|ENCUT|EDIFF|ISMEAR,,SIGMA|PREC|ALGO,SYSTEM|LWAVE|LCHARG|ISPIN|MAGMOM|LSORBIT|SAXIS|LDAU|LMAXMIX|LASPH|IVDW,,Tests spin-aware relaxation or static setup. Seed lacks IVDW; these keys are therefore ignored in scoring.
P59_Bi2Se3_Line_Mode_Bands,mp,mp-bevnx,Bi2Se3,line_mode_bands,line_mode_bands,chalcogenide,soc_semantics,L3,band_structure,Line,band_structure,,Bismuth selenide line-mode band structure,Assume the charge density comes from a prior SCF run and this task is only the line-mode band calculation.,"This is a non-self-consistent band-structure step, not a geometry optimization or a fresh SCF run.",,,ICHARG|ISYM|IBRION|NSW|LSORBIT,ENCUT|EDIFF|SAXIS|ISMEAR,,PREC|ALGO|LREAL,SYSTEM|LWAVE|LCHARG|ISPIN|MAGMOM|LDAU|LMAXMIX|LASPH,,Extends SOC-aware generation beyond the seed set.
P60_Bi2Se3_DOS_NSCF,mp,mp-bevnx,Bi2Se3,dos_nscf,dos_nscf,chalcogenide,soc_semantics,L3,density_of_states,Static,dos_nscf,,Bismuth selenide DOS post-processing step,Assume this is a DOS calculation using a previously converged charge density.,"This is a non-self-consistent DOS post-processing step, not a fresh SCF run or a geometry optimization.",,,ICHARG|ISYM|IBRION|NSW|LSORBIT,ISMEAR|SIGMA|SAXIS,,PREC|ALGO,SYSTEM|LWAVE|LCHARG|ISPIN|MAGMOM|LDAU|LMAXMIX|LASPH,,Tests whether SOC-related tags are preserved in the DOS NSCF INCAR.
P61_WSe2_Static_SCF,mp,mp-csb,WSe2,static_scf,static_scf,layered_anisotropic,semiconductor_smearing,L2,ground_state_energy,Static,static_default,,Layered tungsten diselenide static SCF,Prepare an INCAR for a standalone static total-energy calculation.,"This is a single-point SCF task, not a structure relaxation or post-processing workflow.",,,IBRION|NSW,ENCUT|EDIFF|ISMEAR|SIGMA,,PREC|ALGO|LREAL,SYSTEM|LWAVE|LCHARG|ISPIN|MAGMOM|LSORBIT|SAXIS|LDAU|LMAXMIX|LASPH,,Extends semiconductor static coverage beyond the seed set.
P62_WSe2_Geometry_Relax,mp,mp-csb,WSe2,geometry_relax,geometry_relax,layered_anisotropic,vdw_semantics,L3,force_converged_structure,Static,relax_default,,Layered tungsten diselenide relaxation,Prepare an INCAR for a geometry optimization.,This task should relax the structure until forces are small; it is not a static single-point or post-processing step.,,,IBRION|ISIF,NSW|EDIFFG|ENCUT|EDIFF|ISMEAR,,SIGMA|PREC|ALGO,SYSTEM|LWAVE|LCHARG|ISPIN|MAGMOM|LSORBIT|SAXIS|LDAU|LMAXMIX|LASPH|IVDW,,Tests whether the model adds a dispersion treatment for a layered structure. Seed lacks IVDW; these keys are therefore ignored in scoring.
P63_WSe2_Line_Mode_Bands,mp,mp-csb,WSe2,line_mode_bands,line_mode_bands,layered_anisotropic,nscf_workflow,L3,band_structure,Line,band_structure,,Layered tungsten diselenide line-mode band structure,Assume the charge density comes from a prior SCF run and this task is only the line-mode band calculation.,"This is a non-self-consistent band-structure step, not a geometry optimization or a fresh SCF run.",,,ICHARG|ISYM|IBRION|NSW,ENCUT|EDIFF|ISMEAR,,PREC|ALGO|LREAL,SYSTEM|LWAVE|LCHARG|ISPIN|MAGMOM|LSORBIT|SAXIS|LDAU|LMAXMIX|LASPH,,Tests line-mode NSCF INCAR semantics.
P64_WSe2_DOS_NSCF,mp,mp-csb,WSe2,dos_nscf,dos_nscf,layered_anisotropic,nscf_workflow,L3,density_of_states,Static,dos_nscf,,Layered tungsten diselenide DOS post-processing step,Assume this is a DOS calculation using a previously converged charge density.,"This is a non-self-consistent DOS post-processing step, not a fresh SCF run or a geometry optimization.",,,ICHARG|ISYM|IBRION|NSW,ISMEAR|SIGMA,,PREC|ALGO,SYSTEM|LWAVE|LCHARG|ISPIN|MAGMOM|LSORBIT|SAXIS|LDAU|LMAXMIX|LASPH,,Tests DOS-style NSCF INCAR semantics on a non-cubic material.
P65_TiS2_Static_SCF,mp,mp-dey,TiS2,static_scf,static_scf,layered_anisotropic,metal_smearing,L2,ground_state_energy,Static,static_default,,Layered titanium disulfide static SCF,Prepare an INCAR for a standalone static total-energy calculation.,"This is a single-point SCF task, not a structure relaxation or post-processing workflow.",,,IBRION|NSW,ENCUT|EDIFF|ISMEAR|SIGMA,,PREC|ALGO|LREAL,SYSTEM|LWAVE|LCHARG|ISPIN|MAGMOM|LSORBIT|SAXIS|LDAU|LMAXMIX|LASPH,,Extends metal smearing coverage beyond the seed set.
P66_TiS2_Geometry_Relax,mp,mp-dey,TiS2,geometry_relax,geometry_relax,layered_anisotropic,vdw_semantics,L3,force_converged_structure,Static,relax_default,,Layered titanium disulfide relaxation,Prepare an INCAR for a geometry optimization.,This task should relax the structure until forces are small; it is not a static single-point or post-processing step.,,,IBRION|ISIF,NSW|EDIFFG|ENCUT|EDIFF|ISMEAR,,SIGMA|PREC|ALGO,SYSTEM|LWAVE|LCHARG|ISPIN|MAGMOM|LSORBIT|SAXIS|LDAU|LMAXMIX|LASPH|IVDW,,Tests whether the model adds a dispersion treatment for a layered structure. Seed lacks IVDW; these keys are therefore ignored in scoring.
P67_TiS2_Line_Mode_Bands,mp,mp-dey,TiS2,line_mode_bands,line_mode_bands,layered_anisotropic,nscf_workflow,L3,band_structure,Line,band_structure,,Layered titanium disulfide line-mode band structure,Assume the charge density comes from a prior SCF run and this task is only the line-mode band calculation.,"This is a non-self-consistent band-structure step, not a geometry optimization or a fresh SCF run.",,,ICHARG|ISYM|IBRION|NSW,ENCUT|EDIFF|ISMEAR,,PREC|ALGO|LREAL,SYSTEM|LWAVE|LCHARG|ISPIN|MAGMOM|LSORBIT|SAXIS|LDAU|LMAXMIX|LASPH,,Tests line-mode NSCF INCAR semantics.
P68_TiS2_DOS_NSCF,mp,mp-dey,TiS2,dos_nscf,dos_nscf,layered_anisotropic,nscf_workflow,L3,density_of_states,Static,dos_nscf,,Layered titanium disulfide DOS post-processing step,Assume this is a DOS calculation using a previously converged charge density.,"This is a non-self-consistent DOS post-processing step, not a fresh SCF run or a geometry optimization.",,,ICHARG|ISYM|IBRION|NSW,ISMEAR|SIGMA,,PREC|ALGO,SYSTEM|LWAVE|LCHARG|ISPIN|MAGMOM|LSORBIT|SAXIS|LDAU|LMAXMIX|LASPH,,Tests DOS-style NSCF INCAR semantics on a non-cubic material.
P69_NbSe2_Static_SCF,mp,mp-dgx,NbSe2,static_scf,static_scf,layered_anisotropic,spin_semantics,L2,ground_state_energy,Static,static_magnetic,,Layered niobium diselenide static SCF,Prepare an INCAR for a standalone static total-energy calculation.,"This is a single-point SCF task, not a structure relaxation or post-processing workflow.",,MAGMOM=auto_by_species,ISPIN|IBRION|NSW,ENCUT|EDIFF|ISMEAR|SIGMA,,MAGMOM|PREC|ALGO|LREAL,SYSTEM|LWAVE|LCHARG|LSORBIT|SAXIS|LDAU|LMAXMIX|LASPH,,Tests spin-aware relaxation or static setup.
P70_NbSe2_Geometry_Relax,mp,mp-dgx,NbSe2,geometry_relax,geometry_relax,layered_anisotropic,vdw_semantics,L3,force_converged_structure,Static,relax_default,,Layered niobium diselenide relaxation,Prepare an INCAR for a geometry optimization.,This task should relax the structure until forces are small; it is not a static single-point or post-processing step.,,MAGMOM=auto_by_species,ISPIN|IBRION|ISIF,NSW|EDIFFG|ENCUT|EDIFF|ISMEAR,,SIGMA|MAGMOM|PREC|ALGO,SYSTEM|LWAVE|LCHARG|LSORBIT|SAXIS|LDAU|LMAXMIX|LASPH|IVDW,,Tests whether the model adds a dispersion treatment for a layered structure. Seed lacks IVDW; these keys are therefore ignored in scoring.
P71_NbSe2_Line_Mode_Bands,mp,mp-dgx,NbSe2,line_mode_bands,line_mode_bands,layered_anisotropic,nscf_workflow,L3,band_structure,Line,band_structure,,Layered niobium diselenide line-mode band structure,Assume the charge density comes from a prior SCF run and this task is only the line-mode band calculation.,"This is a non-self-consistent band-structure step, not a geometry optimization or a fresh SCF run.",,,ICHARG|ISYM|IBRION|NSW,ENCUT|EDIFF|ISMEAR,,MAGMOM|PREC|ALGO|LREAL,SYSTEM|LWAVE|LCHARG|ISPIN|LSORBIT|SAXIS|LDAU|LMAXMIX|LASPH,,Tests line-mode NSCF INCAR semantics.
P72_NbSe2_DOS_NSCF,mp,mp-dgx,NbSe2,dos_nscf,dos_nscf,layered_anisotropic,nscf_workflow,L3,density_of_states,Static,dos_nscf,,Layered niobium diselenide DOS post-processing step,Assume this is a DOS calculation using a previously converged charge density.,"This is a non-self-consistent DOS post-processing step, not a fresh SCF run or a geometry optimization.",,,ICHARG|ISYM|IBRION|NSW,ISMEAR|SIGMA,,MAGMOM|PREC|ALGO,SYSTEM|LWAVE|LCHARG|ISPIN|LSORBIT|SAXIS|LDAU|LMAXMIX|LASPH,,Tests DOS-style NSCF INCAR semantics on a non-cubic material.
P73_SrTiO3_Static_SCF,mp,mp-gwx,SrTiO3,static_scf,static_scf,perovskite_multinary_oxide,dftu_semantics,L2,ground_state_energy,Static,static_default,,Strontium titanate perovskite static SCF,Prepare an INCAR for a standalone static total-energy calculation.,"This is a single-point SCF task, not a structure relaxation or post-processing workflow.",,,IBRION|NSW|LDAU,ENCUT|EDIFF|LMAXMIX|LASPH|ISMEAR,,PREC|ALGO|LREAL,SYSTEM|LWAVE|LCHARG|ISPIN|MAGMOM|LSORBIT|SAXIS|LDAUJ|LDAUL|LDAUTYPE|LDAUU,,"Tests DFT+U policy completion on a more complex chemistry. Selected MP material is currently marked theoretical in live summary data. Seed lacks LDAUJ, LDAUL, LDAUTYPE, LDAUU; these keys are therefore ignored in scoring."
P74_SrTiO3_Geometry_Relax,mp,mp-gwx,SrTiO3,geometry_relax,geometry_relax,perovskite_multinary_oxide,dftu_semantics,L2,force_converged_structure,Static,relax_default,,Strontium titanate perovskite relaxation,Prepare an INCAR for a geometry optimization.,This task should relax the structure until forces are small; it is not a static single-point or post-processing step.,,,IBRION|ISIF,NSW|EDIFFG|ENCUT|EDIFF|LDAU|LMAXMIX|ISMEAR,,SIGMA|LASPH|PREC|ALGO,SYSTEM|LWAVE|LCHARG|ISPIN|MAGMOM|LSORBIT|SAXIS|LDAUJ|LDAUU,,"Tests spin-aware relaxation or static setup. Selected MP material is currently marked theoretical in live summary data. Seed lacks LDAUJ, LDAUU; these keys are therefore ignored in scoring."
P75_SrTiO3_Line_Mode_Bands,mp,mp-gwx,SrTiO3,line_mode_bands,line_mode_bands,perovskite_multinary_oxide,dftu_semantics,L3,band_structure,Line,band_structure,,Strontium titanate perovskite line-mode band structure,Assume the charge density comes from a prior SCF run and this task is only the line-mode band calculation.,"This is a non-self-consistent band-structure step, not a geometry optimization or a fresh SCF run.",,,ICHARG|ISYM|IBRION|NSW|LDAU,ENCUT|EDIFF|ISMEAR,,LASPH|PREC|ALGO|LREAL,SYSTEM|LWAVE|LCHARG|ISPIN|MAGMOM|LSORBIT|SAXIS|LMAXMIX|LDAUJ|LDAUL|LDAUTYPE|LDAUU,,"Tests whether DFT+U tags are preserved in the line-mode NSCF INCAR. Selected MP material is currently marked theoretical in live summary data. Seed lacks LDAUJ, LDAUL, LDAUTYPE, LDAUU; these keys are therefore ignored in scoring."
P76_SrTiO3_DOS_NSCF,mp,mp-gwx,SrTiO3,dos_nscf,dos_nscf,perovskite_multinary_oxide,dftu_semantics,L3,density_of_states,Static,dos_nscf,,Strontium titanate perovskite DOS post-processing step,Assume this is a DOS calculation using a previously converged charge density.,"This is a non-self-consistent DOS post-processing step, not a fresh SCF run or a geometry optimization.",,,ICHARG|ISYM|IBRION|NSW,ISMEAR|SIGMA|LDAU,,LASPH|PREC|ALGO,SYSTEM|LWAVE|LCHARG|ISPIN|MAGMOM|LSORBIT|SAXIS|LMAXMIX|LDAUJ|LDAUU,,"Tests whether DFT+U tags are preserved in the DOS NSCF INCAR. Selected MP material is currently marked theoretical in live summary data. Seed lacks LDAUJ, LDAUU; these keys are therefore ignored in scoring."
P77_LaMnO3_Static_SCF,mp,mp-zze,LaMnO3,static_scf,static_scf,perovskite_multinary_oxide,dftu_semantics,L3,ground_state_energy,Static,static_magnetic,,Lanthanum manganite perovskite static SCF,Prepare an INCAR for a standalone static total-energy calculation.,"This is a single-point SCF task, not a structure relaxation or post-processing workflow.",,MAGMOM=auto_by_species,ISPIN|IBRION|NSW|LDAU|LDAUTYPE|LDAUL,ENCUT|EDIFF|LDAUU|LDAUJ|LMAXMIX|LASPH|ISMEAR,,MAGMOM|PREC|ALGO|LREAL,SYSTEM|LWAVE|LCHARG|LSORBIT|SAXIS,,Tests DFT+U policy completion on a more complex chemistry. Selected MP candidate is slightly above hull; keep this case under review.
P78_LaMnO3_Geometry_Relax,mp,mp-zze,LaMnO3,geometry_relax,geometry_relax,perovskite_multinary_oxide,magnetic_initialization,L3,force_converged_structure,Static,relax_default,,Lanthanum manganite perovskite relaxation,Prepare an INCAR for a geometry optimization.,This task should relax the structure until forces are small; it is not a static single-point or post-processing step.,,MAGMOM=auto_by_species,ISPIN|IBRION|ISIF,NSW|EDIFFG|ENCUT|EDIFF|LDAU|LDAUU|LDAUJ|LMAXMIX|LASPH|ISMEAR,,SIGMA|MAGMOM|PREC|ALGO,SYSTEM|LWAVE|LCHARG|LSORBIT|SAXIS|LDAUTYPE|LDAUL,,Tests spin-aware relaxation or static setup. Selected MP candidate is slightly above hull; keep this case under review.
P79_LaMnO3_Line_Mode_Bands,mp,mp-zze,LaMnO3,line_mode_bands,line_mode_bands,perovskite_multinary_oxide,symmetry_sensitive,L3,band_structure,Line,band_structure,,Lanthanum manganite perovskite line-mode band structure,Assume the charge density comes from a prior SCF run and this task is only the line-mode band calculation.,"This is a non-self-consistent band-structure step, not a geometry optimization or a fresh SCF run.",,,ICHARG|ISYM|IBRION|NSW,ENCUT|EDIFF|ISMEAR,,LASPH|MAGMOM|PREC|ALGO|LREAL,SYSTEM|LWAVE|LCHARG|ISPIN|LSORBIT|SAXIS|LDAU|LDAUTYPE|LDAUL|LDAUU|LDAUJ|LMAXMIX,,Tests symmetry-sensitive workflow choices on a low-symmetry material. Selected MP candidate is slightly above hull; keep this case under review.
P80_LaMnO3_DOS_NSCF,mp,mp-zze,LaMnO3,dos_nscf,dos_nscf,perovskite_multinary_oxide,dftu_semantics,L3,density_of_states,Static,dos_nscf,,Lanthanum manganite perovskite DOS post-processing step,Assume this is a DOS calculation using a previously converged charge density.,"This is a non-self-consistent DOS post-processing step, not a fresh SCF run or a geometry optimization.",,,ICHARG|ISYM|IBRION|NSW,ISMEAR|SIGMA|LDAU|LDAUU|LDAUJ,,LASPH|MAGMOM|PREC|ALGO,SYSTEM|LWAVE|LCHARG|ISPIN|LSORBIT|SAXIS|LDAUTYPE|LDAUL|LMAXMIX,,Tests whether DFT+U tags are preserved in the DOS NSCF INCAR. Selected MP candidate is slightly above hull; keep this case under review.
P81_BaZrO3_Static_SCF,mp,mp-cgafg,BaZrO3,static_scf,static_scf,perovskite_multinary_oxide,semiconductor_smearing,L1,ground_state_energy,Static,static_default,,Barium zirconate perovskite static SCF,Prepare an INCAR for a standalone static total-energy calculation.,"This is a single-point SCF task, not a structure relaxation or post-processing workflow.",,,IBRION|NSW,ENCUT|EDIFF|ISMEAR|SIGMA,,PREC|ALGO|LREAL,SYSTEM|LWAVE|LCHARG|ISPIN|MAGMOM|LSORBIT|SAXIS|LDAU|LMAXMIX|LASPH,,Extends semiconductor static coverage beyond the seed set.
P82_BaZrO3_Geometry_Relax,mp,mp-cgafg,BaZrO3,geometry_relax,geometry_relax,perovskite_multinary_oxide,relax_semantics,L1,force_converged_structure,Static,relax_default,,Barium zirconate perovskite relaxation,Prepare an INCAR for a geometry optimization.,This task should relax the structure until forces are small; it is not a static single-point or post-processing step.,,,IBRION|ISIF,NSW|EDIFFG|ENCUT|EDIFF|ISMEAR,,SIGMA|PREC|ALGO,SYSTEM|LWAVE|LCHARG|ISPIN|MAGMOM|LSORBIT|SAXIS|LDAU|LMAXMIX|LASPH,,Tests spin-aware relaxation or static setup.
P83_BaZrO3_Line_Mode_Bands,mp,mp-cgafg,BaZrO3,line_mode_bands,line_mode_bands,perovskite_multinary_oxide,nscf_workflow,L2,band_structure,Line,band_structure,,Barium zirconate perovskite line-mode band structure,Assume the charge density comes from a prior SCF run and this task is only the line-mode band calculation.,"This is a non-self-consistent band-structure step, not a geometry optimization or a fresh SCF run.",,,ICHARG|ISYM|IBRION|NSW,ENCUT|EDIFF|ISMEAR,,PREC|ALGO|LREAL,SYSTEM|LWAVE|LCHARG|ISPIN|MAGMOM|LSORBIT|SAXIS|LDAU|LMAXMIX|LASPH,,Tests line-mode NSCF INCAR semantics.
P84_BaZrO3_DOS_NSCF,mp,mp-cgafg,BaZrO3,dos_nscf,dos_nscf,perovskite_multinary_oxide,nscf_workflow,L2,density_of_states,Static,dos_nscf,,Barium zirconate perovskite DOS post-processing step,Assume this is a DOS calculation using a previously converged charge density.,"This is a non-self-consistent DOS post-processing step, not a fresh SCF run or a geometry optimization.",,,ICHARG|ISYM|IBRION|NSW,ISMEAR|SIGMA,,PREC|ALGO,SYSTEM|LWAVE|LCHARG|ISPIN|MAGMOM|LSORBIT|SAXIS|LDAU|LMAXMIX|LASPH,,Tests DOS-style NSCF INCAR semantics.
P85_LiFePO4_Static_SCF,mp,mp-bmnp,LiFePO4,static_scf,static_scf,battery_material,dftu_semantics,L3,ground_state_energy,Static,static_magnetic,,Olivine lithium iron phosphate static SCF,Prepare an INCAR for a standalone static total-energy calculation.,"This is a single-point SCF task, not a structure relaxation or post-processing workflow.",,MAGMOM=auto_by_species,ISPIN|IBRION|NSW|LDAU|LDAUTYPE|LDAUL,ENCUT|EDIFF|LDAUU|LDAUJ|LMAXMIX|LASPH|ISMEAR,,MAGMOM|PREC|ALGO|LREAL,SYSTEM|LWAVE|LCHARG|LSORBIT|SAXIS,,Tests DFT+U policy completion on a more complex chemistry. Selected MP material is currently marked theoretical in live summary data. Selected MP candidate is slightly above hull; keep this case under review.
P86_LiFePO4_Geometry_Relax,mp,mp-bmnp,LiFePO4,geometry_relax,geometry_relax,battery_material,magnetic_initialization,L3,force_converged_structure,Static,relax_default,,Olivine lithium iron phosphate relaxation,Prepare an INCAR for a geometry optimization.,This task should relax the structure until forces are small; it is not a static single-point or post-processing step.,,MAGMOM=auto_by_species,ISPIN|IBRION|ISIF,NSW|EDIFFG|ENCUT|EDIFF|LDAU|LDAUU|LDAUJ|LMAXMIX|LASPH|ISMEAR,,SIGMA|MAGMOM|PREC|ALGO,SYSTEM|LWAVE|LCHARG|LSORBIT|SAXIS|LDAUTYPE|LDAUL,,Tests spin-aware relaxation or static setup. Selected MP material is currently marked theoretical in live summary data. Selected MP candidate is slightly above hull; keep this case under review.
P87_LiFePO4_Line_Mode_Bands,mp,mp-bmnp,LiFePO4,line_mode_bands,line_mode_bands,battery_material,symmetry_sensitive,L3,band_structure,Line,band_structure,,Olivine lithium iron phosphate line-mode band structure,Assume the charge density comes from a prior SCF run and this task is only the line-mode band calculation.,"This is a non-self-consistent band-structure step, not a geometry optimization or a fresh SCF run.",,,ICHARG|ISYM|IBRION|NSW,ENCUT|EDIFF|ISMEAR,,LASPH|MAGMOM|PREC|ALGO|LREAL,SYSTEM|LWAVE|LCHARG|ISPIN|LSORBIT|SAXIS|LDAU|LDAUTYPE|LDAUL|LDAUU|LDAUJ|LMAXMIX,,Tests symmetry-sensitive workflow choices on a low-symmetry material. Selected MP material is currently marked theoretical in live summary data. Selected MP candidate is slightly above hull; keep this case under review.
P88_LiFePO4_DOS_NSCF,mp,mp-bmnp,LiFePO4,dos_nscf,dos_nscf,battery_material,dftu_semantics,L3,density_of_states,Static,dos_nscf,,Olivine lithium iron phosphate DOS post-processing step,Assume this is a DOS calculation using a previously converged charge density.,"This is a non-self-consistent DOS post-processing step, not a fresh SCF run or a geometry optimization.",,,ICHARG|ISYM|IBRION|NSW,ISMEAR|SIGMA|LDAU|LDAUU|LDAUJ,,LASPH|MAGMOM|PREC|ALGO,SYSTEM|LWAVE|LCHARG|ISPIN|LSORBIT|SAXIS|LDAUTYPE|LDAUL|LMAXMIX,,Tests whether DFT+U tags are preserved in the DOS NSCF INCAR. Selected MP material is currently marked theoretical in live summary data. Selected MP candidate is slightly above hull; keep this case under review.
P89_LiCoO2_Static_SCF,mp,mp-bhik,LiCoO2,static_scf,static_scf,battery_material,dftu_semantics,L2,ground_state_energy,Static,static_default,,Layered lithium cobalt oxide static SCF,Prepare an INCAR for a standalone static total-energy calculation.,"This is a single-point SCF task, not a structure relaxation or post-processing workflow.",,,IBRION|NSW|LDAU|LDAUTYPE|LDAUL,ENCUT|EDIFF|LDAUU|LDAUJ|LMAXMIX|LASPH|ISMEAR,,PREC|ALGO|LREAL,SYSTEM|LWAVE|LCHARG|ISPIN|MAGMOM|LSORBIT|SAXIS,,Tests DFT+U policy completion on a more complex chemistry.
P90_LiCoO2_Geometry_Relax,mp,mp-bhik,LiCoO2,geometry_relax,geometry_relax,battery_material,vdw_semantics,L3,force_converged_structure,Static,relax_default,,Layered lithium cobalt oxide relaxation,Prepare an INCAR for a geometry optimization.,This task should relax the structure until forces are small; it is not a static single-point or post-processing step.,,,IBRION|ISIF,NSW|EDIFFG|ENCUT|EDIFF|LDAU|LDAUU|LDAUJ|LMAXMIX|ISMEAR,,SIGMA|LASPH|PREC|ALGO,SYSTEM|LWAVE|LCHARG|ISPIN|MAGMOM|LSORBIT|SAXIS|LDAUTYPE|LDAUL|IVDW,,Tests whether the model adds a dispersion treatment for a layered structure. Seed lacks IVDW; these keys are therefore ignored in scoring.
P91_LiCoO2_Line_Mode_Bands,mp,mp-bhik,LiCoO2,line_mode_bands,line_mode_bands,battery_material,dftu_semantics,L3,band_structure,Line,band_structure,,Layered lithium cobalt oxide line-mode band structure,Assume the charge density comes from a prior SCF run and this task is only the line-mode band calculation.,"This is a non-self-consistent band-structure step, not a geometry optimization or a fresh SCF run.",,,ICHARG|ISYM|IBRION|NSW|LDAU|LDAUTYPE|LDAUL,ENCUT|EDIFF|LDAUU|LDAUJ|ISMEAR,,LASPH|PREC|ALGO|LREAL,SYSTEM|LWAVE|LCHARG|ISPIN|MAGMOM|LSORBIT|SAXIS|LMAXMIX,,Tests whether DFT+U tags are preserved in the line-mode NSCF INCAR.
P92_LiCoO2_DOS_NSCF,mp,mp-bhik,LiCoO2,dos_nscf,dos_nscf,battery_material,dftu_semantics,L3,density_of_states,Static,dos_nscf,,Layered lithium cobalt oxide DOS post-processing step,Assume this is a DOS calculation using a previously converged charge density.,"This is a non-self-consistent DOS post-processing step, not a fresh SCF run or a geometry optimization.",,,ICHARG|ISYM|IBRION|NSW,ISMEAR|SIGMA|LDAU|LDAUU|LDAUJ,,LASPH|PREC|ALGO,SYSTEM|LWAVE|LCHARG|ISPIN|MAGMOM|LSORBIT|SAXIS|LDAUTYPE|LDAUL|LMAXMIX,,Tests whether DFT+U tags are preserved in the DOS NSCF INCAR.
P93_YMn2O5_Static_SCF,mp,mp-bdbik,YMn2O5,static_scf,static_scf,complex_low_symmetry,dftu_semantics,L2,ground_state_energy,Static,static_magnetic,,Low-symmetry yttrium manganese oxide static SCF,Prepare an INCAR for a standalone static total-energy calculation.,"This is a single-point SCF task, not a structure relaxation or post-processing workflow.",,MAGMOM=auto_by_species,ISPIN|IBRION|NSW|LDAU|LDAUTYPE|LDAUL,ENCUT|EDIFF|LDAUU|LDAUJ|LMAXMIX|LASPH|ISMEAR,,MAGMOM|PREC|ALGO|LREAL,SYSTEM|LWAVE|LCHARG|LSORBIT|SAXIS,,Tests DFT+U policy completion on a more complex chemistry.
P94_YMn2O5_Geometry_Relax,mp,mp-bdbik,YMn2O5,geometry_relax,geometry_relax,complex_low_symmetry,magnetic_initialization,L3,force_converged_structure,Static,relax_default,,Low-symmetry yttrium manganese oxide relaxation,Prepare an INCAR for a geometry optimization.,This task should relax the structure until forces are small; it is not a static single-point or post-processing step.,,MAGMOM=auto_by_species,ISPIN|IBRION|ISIF,NSW|EDIFFG|ENCUT|EDIFF|LDAU|LDAUU|LDAUJ|LMAXMIX|LASPH|ISMEAR,,SIGMA|MAGMOM|PREC|ALGO,SYSTEM|LWAVE|LCHARG|LSORBIT|SAXIS|LDAUTYPE|LDAUL,,Tests spin-aware relaxation or static setup.
P95_YMn2O5_Line_Mode_Bands,mp,mp-bdbik,YMn2O5,line_mode_bands,line_mode_bands,complex_low_symmetry,symmetry_sensitive,L3,band_structure,Line,band_structure,,Low-symmetry yttrium manganese oxide line-mode band structure,Assume the charge density comes from a prior SCF run and this task is only the line-mode band calculation.,"This is a non-self-consistent band-structure step, not a geometry optimization or a fresh SCF run.",,,ICHARG|ISYM|IBRION|NSW,ENCUT|EDIFF|ISMEAR,,LASPH|MAGMOM|PREC|ALGO|LREAL,SYSTEM|LWAVE|LCHARG|ISPIN|LSORBIT|SAXIS|LDAU|LDAUTYPE|LDAUL|LDAUU|LDAUJ|LMAXMIX,,Tests symmetry-sensitive workflow choices on a low-symmetry material.
P96_YMn2O5_DOS_NSCF,mp,mp-bdbik,YMn2O5,dos_nscf,dos_nscf,complex_low_symmetry,dftu_semantics,L3,density_of_states,Static,dos_nscf,,Low-symmetry yttrium manganese oxide DOS post-processing step,Assume this is a DOS calculation using a previously converged charge density.,"This is a non-self-consistent DOS post-processing step, not a fresh SCF run or a geometry optimization.",,,ICHARG|ISYM|IBRION|NSW,ISMEAR|SIGMA|LDAU|LDAUU|LDAUJ,,LASPH|MAGMOM|PREC|ALGO,SYSTEM|LWAVE|LCHARG|ISPIN|LSORBIT|SAXIS|LDAUTYPE|LDAUL|LMAXMIX,,Tests whether DFT+U tags are preserved in the DOS NSCF INCAR.
P97_Bi2WO6_Static_SCF,mp,mp-bitc,Bi2WO6,static_scf,static_scf,complex_low_symmetry,soc_semantics,L2,ground_state_energy,Static,static_default,,Aurivillius bismuth tungstate static SCF,Prepare an INCAR for a standalone static total-energy calculation.,"This is a single-point SCF task, not a structure relaxation or post-processing workflow.",,,IBRION|NSW|LSORBIT|ISYM,ENCUT|EDIFF|ISMEAR|SIGMA|SAXIS,,PREC|ALGO|LREAL,SYSTEM|LWAVE|LCHARG|ISPIN|MAGMOM|LDAU|LDAUTYPE|LDAUL|LDAUU|LDAUJ|LMAXMIX|LASPH,,Extends SOC-aware generation beyond the seed set.
P98_Bi2WO6_Geometry_Relax,mp,mp-bitc,Bi2WO6,geometry_relax,geometry_relax,complex_low_symmetry,relax_semantics,L2,force_converged_structure,Static,relax_default,,Aurivillius bismuth tungstate relaxation,Prepare an INCAR for a geometry optimization.,This task should relax the structure until forces are small; it is not a static single-point or post-processing step.,,,IBRION|ISIF,NSW|EDIFFG|ENCUT|EDIFF|ISMEAR,,SIGMA|PREC|ALGO,SYSTEM|LWAVE|LCHARG|ISPIN|MAGMOM|LSORBIT|SAXIS|LDAU|LMAXMIX|LASPH,,Tests relaxation INCAR semantics on a non-cubic material.
P99_Bi2WO6_Line_Mode_Bands,mp,mp-bitc,Bi2WO6,line_mode_bands,line_mode_bands,complex_low_symmetry,soc_semantics,L3,band_structure,Line,band_structure,,Aurivillius bismuth tungstate line-mode band structure,Assume the charge density comes from a prior SCF run and this task is only the line-mode band calculation.,"This is a non-self-consistent band-structure step, not a geometry optimization or a fresh SCF run.",,,ICHARG|ISYM|IBRION|NSW|LSORBIT,ENCUT|EDIFF|SAXIS|ISMEAR,,PREC|ALGO|LREAL,SYSTEM|LWAVE|LCHARG|ISPIN|MAGMOM|LDAU|LDAUTYPE|LDAUL|LDAUU|LDAUJ|LMAXMIX|LASPH,,Extends SOC-aware generation beyond the seed set.
P100_Bi2WO6_DOS_NSCF,mp,mp-bitc,Bi2WO6,dos_nscf,dos_nscf,complex_low_symmetry,soc_semantics,L3,density_of_states,Static,dos_nscf,,Aurivillius bismuth tungstate DOS post-processing step,Assume this is a DOS calculation using a previously converged charge density.,"This is a non-self-consistent DOS post-processing step, not a fresh SCF run or a geometry optimization.",,,ICHARG|ISYM|IBRION|NSW|LSORBIT,ISMEAR|SIGMA|SAXIS,,PREC|ALGO,SYSTEM|LWAVE|LCHARG|ISPIN|MAGMOM|LDAU|LDAUTYPE|LDAUL|LDAUU|LDAUJ|LMAXMIX|LASPH,,Tests whether SOC-related tags are preserved in the NSCF INCAR for a non-cubic material.
P101_NiO_Static_SCF,mp,mp-19009,NiO,static_scf,static_scf,correlated_oxide,dftu_semantics,L3,ground_state_energy,Static,static_magnetic,,Nickel monoxide static SCF,Prepare an INCAR for a standalone static total-energy calculation.,"This is a single-point SCF task, not a structure relaxation or post-processing workflow.",,MAGMOM=auto_by_species,ISPIN|LDAU|LDAUTYPE|LDAUL|LDAUU|LDAUJ,ENCUT|EDIFF|LMAXMIX|LASPH|ISMEAR,,MAGMOM|PREC|ALGO,SYSTEM|LWAVE|LCHARG|LSORBIT|SAXIS,,Adds another correlated oxide with explicit spin + U semantics.
P102_NiO_Geometry_Relax,mp,mp-19009,NiO,geometry_relax,geometry_relax,correlated_oxide,magnetic_initialization,L3,force_converged_structure,Static,relax_default,,Nickel monoxide relaxation,Prepare an INCAR for a geometry optimization.,This task should relax the structure until forces are small; it is not a static single-point or post-processing step.,,MAGMOM=auto_by_species,ISPIN|IBRION|ISIF,NSW|EDIFFG|ENCUT|EDIFF|LDAU|LDAUU|LDAUJ|LMAXMIX|LASPH|ISMEAR,,SIGMA|MAGMOM|PREC|ALGO,SYSTEM|LWAVE|LCHARG|LSORBIT|SAXIS|LDAUTYPE|LDAUL,,Adds a magnetic correlated-oxide relaxation with explicit U policy.
P103_NiO_Line_Mode_Bands,mp,mp-19009,NiO,line_mode_bands,line_mode_bands,correlated_oxide,dftu_semantics,L3,band_structure,Line,band_structure,,Nickel monoxide line-mode band structure,Assume the charge density comes from a prior SCF run and this task is only the line-mode band calculation.,"This is a non-self-consistent band-structure step, not a geometry optimization or a fresh SCF run.",,,ICHARG|ISYM|IBRION|NSW|LDAU|LDAUTYPE|LDAUL,ENCUT|EDIFF|LDAUU|LDAUJ|ISMEAR,,MAGMOM|LASPH|PREC|ALGO|LREAL,SYSTEM|LWAVE|LCHARG|ISPIN|LSORBIT|SAXIS|LMAXMIX,,Uses a real MP NSCF line task for a correlated oxide.
P104_NiO_DOS_NSCF,mp,mp-19009,NiO,dos_nscf,dos_nscf,correlated_oxide,dftu_semantics,L3,density_of_states,Static,dos_nscf,,Nickel monoxide DOS post-processing step,Assume this is a DOS calculation using a previously converged charge density.,"This is a non-self-consistent DOS post-processing step, not a fresh SCF run or a geometry optimization.",,,ICHARG|ISYM|IBRION|NSW|LDAU|LDAUTYPE|LDAUL,ISMEAR|SIGMA|LDAUU|LDAUJ,,MAGMOM|LASPH|PREC|ALGO,SYSTEM|LWAVE|LCHARG|ISPIN|LSORBIT|SAXIS|LMAXMIX,,Uses a real MP NSCF uniform DOS task for a correlated oxide.
P105_Bi2Te3_Static_SCF,mp,mp-34202,Bi2Te3,static_scf,static_scf,heavy_element_semiconductor,soc_semantics,L3,ground_state_energy,Static,static_default,,Bismuth telluride static SCF,Prepare an INCAR for a standalone static total-energy calculation.,"This is a single-point SCF task, not a structure relaxation or post-processing workflow.",,,LSORBIT|ISYM,ENCUT|EDIFF|SAXIS|ISMEAR,,PREC|ALGO|LREAL,SYSTEM|LWAVE|LCHARG|ISPIN|MAGMOM|LDAU|LMAXMIX|LASPH,,Expands heavy-element semiconductor coverage beyond the seed set.
P106_Bi2Te3_Geometry_Relax,mp,mp-34202,Bi2Te3,geometry_relax,geometry_relax,heavy_element_semiconductor,vdw_semantics,L3,force_converged_structure,Static,relax_default,,Bismuth telluride relaxation,Prepare an INCAR for a geometry optimization.,This task should relax the structure until forces are small; it is not a static single-point or post-processing step.,,,IBRION|ISIF,NSW|EDIFFG|ENCUT|EDIFF|ISMEAR,,SIGMA|PREC|ALGO,SYSTEM|LWAVE|LCHARG|ISPIN|MAGMOM|LSORBIT|SAXIS|LDAU|LMAXMIX|LASPH|IVDW,,Adds a heavy semiconductor relaxation case. Seed lacks IVDW; these keys are therefore ignored in scoring.
P107_Bi2Te3_Line_Mode_Bands,mp,mp-34202,Bi2Te3,line_mode_bands,line_mode_bands,heavy_element_semiconductor,soc_semantics,L3,band_structure,Line,band_structure,,Bismuth telluride line-mode band structure,Assume the charge density comes from a prior SCF run and this task is only the line-mode band calculation.,"This is a non-self-consistent band-structure step, not a geometry optimization or a fresh SCF run.",,,ICHARG|ISYM|IBRION|NSW|LSORBIT,ENCUT|EDIFF|SAXIS|ISMEAR,,PREC|ALGO|LREAL,SYSTEM|LWAVE|LCHARG|ISPIN|MAGMOM|LDAU|LMAXMIX|LASPH,,Targets line-mode band generation on a heavy semiconductor.
P108_Bi2Te3_DOS_NSCF,mp,mp-34202,Bi2Te3,dos_nscf,dos_nscf,heavy_element_semiconductor,soc_semantics,L3,density_of_states,Static,dos_nscf,,Bismuth telluride DOS post-processing step,Assume this is a DOS calculation using a previously converged charge density.,"This is a non-self-consistent DOS post-processing step, not a fresh SCF run or a geometry optimization.",,,ICHARG|ISYM|IBRION|NSW|LSORBIT,ISMEAR|SIGMA|SAXIS,,PREC|ALGO,SYSTEM|LWAVE|LCHARG|ISPIN|MAGMOM|LDAU|LMAXMIX|LASPH,,Tests whether SOC-related tags are preserved in the DOS NSCF INCAR for a heavy semiconductor.
P109_NaCl_Static_SCF,mp,mp-22862,NaCl,static_scf,static_scf,ionic_insulator,semiconductor_smearing,L2,ground_state_energy,Static,static_default,,Sodium chloride static SCF,Prepare an INCAR for a standalone static total-energy calculation.,"This is a single-point SCF task, not a structure relaxation or post-processing workflow.",,,IBRION|NSW,ENCUT|EDIFF|ISMEAR|SIGMA,,PREC|ALGO|LREAL,SYSTEM|LWAVE|LCHARG|ISPIN|MAGMOM|LSORBIT|SAXIS|LDAU|LMAXMIX|LASPH,,Adds a second ionic-insulator baseline beyond LiF.
P110_NaCl_Geometry_Relax,mp,mp-22862,NaCl,geometry_relax,geometry_relax,ionic_insulator,relax_semantics,L2,force_converged_structure,Static,relax_default,,Sodium chloride relaxation,Prepare an INCAR for a geometry optimization.,This task should relax the structure until forces are small; it is not a static single-point or post-processing step.,,,IBRION|ISIF,NSW|EDIFFG|ENCUT|EDIFF|ISMEAR,,SIGMA|PREC|ALGO,SYSTEM|LWAVE|LCHARG|ISPIN|MAGMOM|LSORBIT|SAXIS|LDAU|LMAXMIX|LASPH,,Adds another ionic relaxation case for low-count family coverage.
P111_NaCl_Line_Mode_Bands,mp,mp-22862,NaCl,line_mode_bands,line_mode_bands,ionic_insulator,nscf_workflow,L3,band_structure,Line,band_structure,,Sodium chloride line-mode band structure,Assume the charge density comes from a prior SCF run and this task is only the line-mode band calculation.,"This is a non-self-consistent band-structure step, not a geometry optimization or a fresh SCF run.",,,ICHARG|ISYM|IBRION|NSW,ENCUT|EDIFF|ISMEAR,,PREC|ALGO|LREAL,SYSTEM|LWAVE|LCHARG|ISPIN|MAGMOM|LSORBIT|SAXIS|LDAU|LMAXMIX|LASPH,,Adds line-mode bands for an ionic insulator.
P112_NaCl_DOS_NSCF,mp,mp-22862,NaCl,dos_nscf,dos_nscf,ionic_insulator,nscf_workflow,L3,density_of_states,Static,dos_nscf,,Sodium chloride DOS post-processing step,Assume this is a DOS calculation using a previously converged charge density.,"This is a non-self-consistent DOS post-processing step, not a fresh SCF run or a geometry optimization.",,,ICHARG|ISYM|IBRION|NSW,ISMEAR|SIGMA,,PREC|ALGO,SYSTEM|LWAVE|LCHARG|ISPIN|MAGMOM|LSORBIT|SAXIS|LDAU|LMAXMIX|LASPH,,Adds DOS-style NSCF INCAR coverage for an ionic insulator.
P113_C_Static_SCF,mp,mp-169,C,static_scf,static_scf,layered_material,metal_smearing,L3,ground_state_energy,Static,static_default,,Graphite static SCF,Prepare an INCAR for a standalone static total-energy calculation.,"This is a single-point SCF task, not a structure relaxation or post-processing workflow.",,,IBRION|NSW,ENCUT|EDIFF|ISMEAR|SIGMA,,PREC|ALGO|LREAL,SYSTEM|LWAVE|LCHARG|ISPIN|MAGMOM|LSORBIT|SAXIS|LDAU|LMAXMIX|LASPH,,Adds a layered-material semimetal baseline.
P114_C_Geometry_Relax,mp,mp-169,C,geometry_relax,geometry_relax,layered_material,vdw_semantics,L3,force_converged_structure,Static,relax_default,,Graphite relaxation,Prepare an INCAR for a geometry optimization.,This task should relax the structure until forces are small; it is not a static single-point or post-processing step.,,,IBRION|ISIF,NSW|EDIFFG|ENCUT|ISMEAR,,SIGMA|PREC|ALGO,SYSTEM|LWAVE|LCHARG|ISPIN|MAGMOM|LSORBIT|SAXIS|LDAU|LMAXMIX|LASPH|IVDW,,Adds a layered-material relaxation where interlayer treatment matters. Seed lacks IVDW; these keys are therefore ignored in scoring.
P115_C_Line_Mode_Bands,mp,mp-169,C,line_mode_bands,line_mode_bands,layered_material,nscf_workflow,L3,band_structure,Line,band_structure,,Graphite line-mode band structure,Assume the charge density comes from a prior SCF run and this task is only the line-mode band calculation.,"This is a non-self-consistent band-structure step, not a geometry optimization or a fresh SCF run.",,,ICHARG|ISYM|IBRION|NSW,ENCUT|EDIFF|ISMEAR,,PREC|ALGO|LREAL,SYSTEM|LWAVE|LCHARG|ISPIN|MAGMOM|LSORBIT|SAXIS|LDAU|LMAXMIX|LASPH,,Adds line-mode bands for a classic layered material.
P116_C_DOS_NSCF,mp,mp-169,C,dos_nscf,dos_nscf,layered_material,nscf_workflow,L3,density_of_states,Static,dos_nscf,,Graphite DOS post-processing step,Assume this is a DOS calculation using a previously converged charge density.,"This is a non-self-consistent DOS post-processing step, not a fresh SCF run or a geometry optimization.",,,ICHARG|ISYM|IBRION|NSW,ISMEAR|SIGMA,,PREC|ALGO,SYSTEM|LWAVE|LCHARG|ISPIN|MAGMOM|LSORBIT|SAXIS|LDAU|LMAXMIX|LASPH,,Adds DOS-style NSCF INCAR coverage for a layered material.
P117_Co_Static_SCF,mp,mp-102,Co,static_scf,static_scf,magnetic_metal,spin_semantics,L2,ground_state_energy,Static,static_magnetic,,Ferromagnetic cobalt static SCF,Prepare an INCAR for a standalone static total-energy calculation.,"This is a single-point SCF task, not a structure relaxation or post-processing workflow.",,MAGMOM=auto_by_species,ISPIN|IBRION|NSW,ENCUT|EDIFF|ISMEAR|SIGMA,,MAGMOM|PREC|ALGO,SYSTEM|LWAVE|LCHARG|LSORBIT|SAXIS|LDAU|LMAXMIX|LASPH,,Extends magnetic-metal coverage beyond Fe.
P118_Co_Geometry_Relax,mp,mp-102,Co,geometry_relax,geometry_relax,magnetic_metal,magnetic_initialization,L2,force_converged_structure,Static,relax_default,,Ferromagnetic cobalt relaxation,Prepare an INCAR for a geometry optimization.,This task should relax the structure until forces are small; it is not a static single-point or post-processing step.,,MAGMOM=auto_by_species,ISPIN|IBRION|ISIF,NSW|EDIFFG|ENCUT|EDIFF|ISMEAR,,SIGMA|MAGMOM|PREC|ALGO,SYSTEM|LWAVE|LCHARG|LSORBIT|SAXIS|LDAU|LMAXMIX|LASPH,,Adds magnetic-metal relaxation semantics.
P119_Co_Line_Mode_Bands,mp,mp-102,Co,line_mode_bands,line_mode_bands,magnetic_metal,spin_semantics,L3,band_structure,Line,band_structure,,Ferromagnetic cobalt line-mode band structure,Assume the charge density comes from a prior SCF run and this task is only the line-mode band calculation.,"This is a non-self-consistent band-structure step, not a geometry optimization or a fresh SCF run.",,,ICHARG|ISYM|IBRION|NSW|ISPIN,ENCUT|EDIFF|ISMEAR,,MAGMOM|PREC|ALGO|LREAL,SYSTEM|LWAVE|LCHARG|LSORBIT|SAXIS|LDAU|LMAXMIX|LASPH,,Adds line-mode bands for a magnetic metal.
P120_Co_DOS_NSCF,mp,mp-102,Co,dos_nscf,dos_nscf,magnetic_metal,spin_semantics,L3,density_of_states,Static,dos_nscf,,Ferromagnetic cobalt DOS post-processing step,Assume this is a DOS calculation using a previously converged charge density.,"This is a non-self-consistent DOS post-processing step, not a fresh SCF run or a geometry optimization.",,,ICHARG|ISYM|IBRION|NSW|ISPIN,ISMEAR|SIGMA,,MAGMOM|PREC|ALGO,SYSTEM|LWAVE|LCHARG|LSORBIT|SAXIS|LDAU|LMAXMIX|LASPH,,Adds DOS-style NSCF INCAR coverage for a magnetic metal.
P121_Au_Static_SCF,mp,mp-81,Au,static_scf,static_scf,metal,metal_smearing,L2,ground_state_energy,Static,static_default,,FCC gold static SCF,Prepare an INCAR for a standalone static total-energy calculation.,"This is a single-point SCF task, not a structure relaxation or post-processing workflow.",,,IBRION|NSW,ENCUT|EDIFF|ISMEAR|SIGMA,,PREC|ALGO|LREAL,SYSTEM|LWAVE|LCHARG|ISPIN|MAGMOM|LSORBIT|SAXIS|LDAU|LMAXMIX|LASPH,,Adds another elemental metal beyond Al.
P122_Au_Geometry_Relax,mp,mp-81,Au,geometry_relax,geometry_relax,metal,relax_semantics,L2,force_converged_structure,Static,relax_default,,FCC gold relaxation,Prepare an INCAR for a geometry optimization.,This task should relax the structure until forces are small; it is not a static single-point or post-processing step.,,,IBRION|ISIF,NSW|EDIFFG|ENCUT|EDIFF|ISMEAR,,SIGMA|PREC|ALGO,SYSTEM|LWAVE|LCHARG|ISPIN|MAGMOM|LSORBIT|SAXIS|LDAU|LMAXMIX|LASPH,,Adds a metallic relaxation case for the low-count metal family.
P123_Au_Line_Mode_Bands,mp,mp-81,Au,line_mode_bands,line_mode_bands,metal,nscf_workflow,L3,band_structure,Line,band_structure,,FCC gold line-mode band structure,Assume the charge density comes from a prior SCF run and this task is only the line-mode band calculation.,"This is a non-self-consistent band-structure step, not a geometry optimization or a fresh SCF run.",,,ICHARG|ISYM|IBRION|NSW,ENCUT|EDIFF|ISMEAR,,PREC|ALGO|LREAL,SYSTEM|LWAVE|LCHARG|ISPIN|MAGMOM|LSORBIT|SAXIS|LDAU|LMAXMIX|LASPH,,Adds line-mode bands for a noble metal.
P124_Au_DOS_NSCF,mp,mp-81,Au,dos_nscf,dos_nscf,metal,nscf_workflow,L3,density_of_states,Static,dos_nscf,,FCC gold DOS post-processing step,Assume this is a DOS calculation using a previously converged charge density.,"This is a non-self-consistent DOS post-processing step, not a fresh SCF run or a geometry optimization.",,,ICHARG|ISYM|IBRION|NSW,ISMEAR|SIGMA,,PREC|ALGO,SYSTEM|LWAVE|LCHARG|ISPIN|MAGMOM|LSORBIT|SAXIS|LDAU|LMAXMIX|LASPH,,Adds DOS-style NSCF INCAR coverage for a noble metal.
P125_ZrO2_Static_SCF,mp,mp-2858,ZrO2,static_scf,static_scf,oxide,semiconductor_smearing,L2,ground_state_energy,Static,static_default,,Monoclinic zirconia static SCF,Prepare an INCAR for a standalone static total-energy calculation.,"This is a single-point SCF task, not a structure relaxation or post-processing workflow.",,,IBRION|NSW,ENCUT|EDIFF|ISMEAR|SIGMA,,PREC|ALGO|LREAL,SYSTEM|LWAVE|LCHARG|ISPIN|MAGMOM|LSORBIT|SAXIS|LDAU|LMAXMIX|LASPH,,Adds another simple oxide beyond the seed TiO2 row.
P126_ZrO2_Geometry_Relax,mp,mp-2858,ZrO2,geometry_relax,geometry_relax,oxide,relax_semantics,L2,force_converged_structure,Static,relax_default,,Monoclinic zirconia relaxation,Prepare an INCAR for a geometry optimization.,This task should relax the structure until forces are small; it is not a static single-point or post-processing step.,,,IBRION|ISIF,NSW|EDIFFG|ENCUT|EDIFF|ISMEAR,,SIGMA|PREC|ALGO,SYSTEM|LWAVE|LCHARG|ISPIN|MAGMOM|LSORBIT|SAXIS|LDAU|LMAXMIX|LASPH,,Adds oxide relaxation coverage in a low-count family.
P127_ZrO2_Line_Mode_Bands,mp,mp-2858,ZrO2,line_mode_bands,line_mode_bands,oxide,symmetry_sensitive,L3,band_structure,Line,band_structure,,Monoclinic zirconia line-mode band structure,Assume the charge density comes from a prior SCF run and this task is only the line-mode band calculation.,"This is a non-self-consistent band-structure step, not a geometry optimization or a fresh SCF run.",,,ICHARG|ISYM|IBRION|NSW,ENCUT|EDIFF|ISMEAR,,PREC|ALGO|LREAL,SYSTEM|LWAVE|LCHARG|ISPIN|MAGMOM|LSORBIT|SAXIS|LDAU|LMAXMIX|LASPH,,Adds a low-symmetry oxide line-mode band case.
P128_ZrO2_DOS_NSCF,mp,mp-2858,ZrO2,dos_nscf,dos_nscf,oxide,nscf_workflow,L3,density_of_states,Static,dos_nscf,,Monoclinic zirconia DOS post-processing step,Assume this is a DOS calculation using a previously converged charge density.,"This is a non-self-consistent DOS post-processing step, not a fresh SCF run or a geometry optimization.",,,ICHARG|ISYM|IBRION|NSW,ISMEAR|SIGMA,,PREC|ALGO,SYSTEM|LWAVE|LCHARG|ISPIN|MAGMOM|LSORBIT|SAXIS|LDAU|LMAXMIX|LASPH,,Adds oxide DOS post-processing coverage.
P129_InP_Static_SCF,mp,mp-20351,InP,static_scf,static_scf,semiconductor,semiconductor_smearing,L2,ground_state_energy,Static,static_default,,Zinc-blende indium phosphide static SCF,Prepare an INCAR for a standalone static total-energy calculation.,"This is a single-point SCF task, not a structure relaxation or post-processing workflow.",,,IBRION|NSW,ENCUT|EDIFF|ISMEAR|SIGMA,,PREC|ALGO|LREAL,SYSTEM|LWAVE|LCHARG|ISPIN|MAGMOM|LSORBIT|SAXIS|LDAU|LMAXMIX|LASPH,,Adds another canonical semiconductor beyond Si and GaAs.
P130_InP_Geometry_Relax,mp,mp-20351,InP,geometry_relax,geometry_relax,semiconductor,relax_semantics,L2,force_converged_structure,Static,relax_default,,Zinc-blende indium phosphide relaxation,Prepare an INCAR for a geometry optimization.,This task should relax the structure until forces are small; it is not a static single-point or post-processing step.,,,IBRION|ISIF,NSW|EDIFFG|ENCUT|EDIFF|ISMEAR,,SIGMA|PREC|ALGO,SYSTEM|LWAVE|LCHARG|ISPIN|MAGMOM|LSORBIT|SAXIS|LDAU|LMAXMIX|LASPH,,Adds a III-V semiconductor relaxation case.
P131_InP_Line_Mode_Bands,mp,mp-20351,InP,line_mode_bands,line_mode_bands,semiconductor,nscf_workflow,L3,band_structure,Line,band_structure,,Zinc-blende indium phosphide line-mode band structure,Assume the charge density comes from a prior SCF run and this task is only the line-mode band calculation.,"This is a non-self-consistent band-structure step, not a geometry optimization or a fresh SCF run.",,,ICHARG|ISYM|IBRION|NSW,ENCUT|EDIFF|ISMEAR,,PREC|ALGO|LREAL,SYSTEM|LWAVE|LCHARG|ISPIN|MAGMOM|LSORBIT|SAXIS|LDAU|LMAXMIX|LASPH,,Adds line-mode bands for a III-V semiconductor.
P132_InP_DOS_NSCF,mp,mp-20351,InP,dos_nscf,dos_nscf,semiconductor,nscf_workflow,L3,density_of_states,Static,dos_nscf,,Zinc-blende indium phosphide DOS post-processing step,Assume this is a DOS calculation using a previously converged charge density.,"This is a non-self-consistent DOS post-processing step, not a fresh SCF run or a geometry optimization.",,,ICHARG|ISYM|IBRION|NSW,ISMEAR|SIGMA,,PREC|ALGO,SYSTEM|LWAVE|LCHARG|ISPIN|MAGMOM|LSORBIT|SAXIS|LDAU|LMAXMIX|LASPH,,Adds DOS-style NSCF INCAR coverage for a III-V semiconductor.
P206_FeO_Geometry_Relax,mp,mp-bbzd,FeO,geometry_relax,geometry_relax,correlated_oxide,magnetic_initialization,L3,force_converged_structure,Static,relax_default,,Iron monoxide relaxation,Prepare an INCAR for a geometry optimization.,This task should relax the structure until forces are small; it is not a static single-point or post-processing step.,,MAGMOM=auto_by_species,ISPIN|IBRION|ISIF,NSW|EDIFFG|ENCUT|EDIFF|LDAU|LDAUU|LDAUJ|LMAXMIX|LASPH|ISMEAR,,SIGMA|MAGMOM|PREC|ALGO,SYSTEM|LWAVE|LCHARG|LSORBIT|SAXIS|LDAUTYPE|LDAUL,,Adds a magnetic correlated-oxide relaxation with explicit U policy.
P210_VO2_Geometry_Relax,mp,mp-cktpr,VO2,geometry_relax,geometry_relax,correlated_oxide,magnetic_initialization,L3,force_converged_structure,Static,relax_default,,Vanadium dioxide relaxation,Prepare an INCAR for a geometry optimization.,This task should relax the structure until forces are small; it is not a static single-point or post-processing step.,,MAGMOM=auto_by_species,ISPIN|IBRION|ISIF,NSW|EDIFFG|ENCUT|EDIFF|LDAU|LDAUU|LDAUJ|LMAXMIX|LASPH|ISMEAR,,SIGMA|MAGMOM|PREC|ALGO,SYSTEM|LWAVE|LCHARG|LSORBIT|SAXIS|LDAUTYPE|LDAUL,,Adds a magnetic correlated-oxide relaxation with explicit U policy.
P211_VO2_Line_Mode_Bands,mp,mp-cktpr,VO2,line_mode_bands,line_mode_bands,correlated_oxide,dftu_semantics,L3,band_structure,Line,band_structure,,Vanadium dioxide line-mode band structure,Assume the charge density comes from a prior SCF run and this task is only the line-mode band calculation.,"This is a non-self-consistent band-structure step, not a geometry optimization or a fresh SCF run.",,,ICHARG|ISYM|IBRION|NSW|LDAU|LDAUTYPE|LDAUL,ENCUT|EDIFF|LDAUU|LDAUJ|ISMEAR,,MAGMOM|LASPH|PREC|ALGO|LREAL,SYSTEM|LWAVE|LCHARG|ISPIN|LSORBIT|SAXIS|LMAXMIX,,Uses a real MP NSCF line task for a correlated oxide.
P212_VO2_DOS_NSCF,mp,mp-cktpr,VO2,dos_nscf,dos_nscf,correlated_oxide,dftu_semantics,L3,density_of_states,Static,dos_nscf,,Vanadium dioxide DOS post-processing step,Assume this is a DOS calculation using a previously converged charge density.,"This is a non-self-consistent DOS post-processing step, not a fresh SCF run or a geometry optimization.",,,ICHARG|ISYM|IBRION|NSW|LDAU|LDAUTYPE|LDAUL,ISMEAR|SIGMA|LDAUU|LDAUJ,,MAGMOM|LASPH|PREC|ALGO,SYSTEM|LWAVE|LCHARG|ISPIN|LSORBIT|SAXIS|LMAXMIX,,Uses a real MP NSCF uniform DOS task for a correlated oxide.
P214_InSb_Geometry_Relax,mp,mp-bdps,InSb,geometry_relax,geometry_relax,heavy_element_semiconductor,relax_semantics,L2,force_converged_structure,Static,relax_default,,Indium antimonide relaxation,Prepare an INCAR for a geometry optimization.,This task should relax the structure until forces are small; it is not a static single-point or post-processing step.,,,IBRION|ISIF,NSW|EDIFFG|ENCUT|EDIFF|ISMEAR,,SIGMA|PREC|ALGO,SYSTEM|LWAVE|LCHARG|ISPIN|MAGMOM|LSORBIT|SAXIS|LDAU|LMAXMIX|LASPH,,Adds a heavy semiconductor relaxation case.
P215_InSb_Line_Mode_Bands,mp,mp-bdps,InSb,line_mode_bands,line_mode_bands,heavy_element_semiconductor,soc_semantics,L3,band_structure,Line,band_structure,,Indium antimonide line-mode band structure,Assume the charge density comes from a prior SCF run and this task is only the line-mode band calculation.,"This is a non-self-consistent band-structure step, not a geometry optimization or a fresh SCF run.",,,ICHARG|ISYM|IBRION|NSW|LSORBIT,ENCUT|EDIFF|SAXIS|ISMEAR,,PREC|ALGO|LREAL,SYSTEM|LWAVE|LCHARG|ISPIN|MAGMOM|LDAU|LMAXMIX|LASPH,,Targets line-mode band generation on a heavy semiconductor.
P216_InSb_DOS_NSCF,mp,mp-bdps,InSb,dos_nscf,dos_nscf,heavy_element_semiconductor,soc_semantics,L3,density_of_states,Static,dos_nscf,,Indium antimonide DOS post-processing step,Assume this is a DOS calculation using a previously converged charge density.,"This is a non-self-consistent DOS post-processing step, not a fresh SCF run or a geometry optimization.",,,ICHARG|ISYM|IBRION|NSW|LSORBIT,ISMEAR|SIGMA|SAXIS,,PREC|ALGO,SYSTEM|LWAVE|LCHARG|ISPIN|MAGMOM|LDAU|LMAXMIX|LASPH,,Tests whether SOC-related tags are preserved in the DOS NSCF INCAR for a heavy semiconductor.
P221_PbSe_Static_SCF,mp,mp-2201,PbSe,static_scf,static_scf,heavy_element_semiconductor,soc_semantics,L3,ground_state_energy,Static,static_default,,Lead selenide static SCF,Prepare an INCAR for a standalone static total-energy calculation.,"This is a single-point SCF task, not a structure relaxation or post-processing workflow.",,,LSORBIT|ISYM,ENCUT|EDIFF|SAXIS|ISMEAR,,PREC|ALGO|LREAL,SYSTEM|LWAVE|LCHARG|ISPIN|MAGMOM|LDAU|LMAXMIX|LASPH,,Expands heavy-element semiconductor coverage.
P222_PbSe_Geometry_Relax,mp,mp-2201,PbSe,geometry_relax,geometry_relax,heavy_element_semiconductor,relax_semantics,L2,force_converged_structure,Static,relax_default,,Lead selenide relaxation,Prepare an INCAR for a geometry optimization.,This task should relax the structure until forces are small; it is not a static single-point or post-processing step.,,,IBRION|ISIF,NSW|EDIFFG|ENCUT|EDIFF|ISMEAR,,SIGMA|PREC|ALGO,SYSTEM|LWAVE|LCHARG|ISPIN|MAGMOM|LSORBIT|SAXIS|LDAU|LMAXMIX|LASPH,,Adds a heavy semiconductor relaxation case.
P223_PbSe_Line_Mode_Bands,mp,mp-2201,PbSe,line_mode_bands,line_mode_bands,heavy_element_semiconductor,soc_semantics,L3,band_structure,Line,band_structure,,Lead selenide line-mode band structure,Assume the charge density comes from a prior SCF run and this task is only the line-mode band calculation.,"This is a non-self-consistent band-structure step, not a geometry optimization or a fresh SCF run.",,,ICHARG|ISYM|IBRION|NSW|LSORBIT,ENCUT|EDIFF|SAXIS|ISMEAR,,PREC|ALGO|LREAL,SYSTEM|LWAVE|LCHARG|ISPIN|MAGMOM|LDAU|LMAXMIX|LASPH,,Targets line-mode band generation on a heavy semiconductor.
P224_PbSe_DOS_NSCF,mp,mp-2201,PbSe,dos_nscf,dos_nscf,heavy_element_semiconductor,soc_semantics,L3,density_of_states,Static,dos_nscf,,Lead selenide DOS post-processing step,Assume this is a DOS calculation using a previously converged charge density.,"This is a non-self-consistent DOS post-processing step, not a fresh SCF run or a geometry optimization.",,,ICHARG|ISYM|IBRION|NSW|LSORBIT,ISMEAR|SIGMA|SAXIS,,PREC|ALGO,SYSTEM|LWAVE|LCHARG|ISPIN|MAGMOM|LDAU|LMAXMIX|LASPH,,Tests whether SOC-related tags are preserved in the DOS NSCF INCAR for a heavy semiconductor.
P225_LiF_Static_SCF,mp,mp-bru,LiF,static_scf,static_scf,ionic_insulator,semiconductor_smearing,L2,ground_state_energy,Static,static_default,,Lithium fluoride static SCF,Prepare an INCAR for a standalone static total-energy calculation.,"This is a single-point SCF task, not a structure relaxation or post-processing workflow.",,,IBRION|NSW,ENCUT|EDIFF|ISMEAR|SIGMA,,PREC|ALGO|LREAL,SYSTEM|LWAVE|LCHARG|ISPIN|MAGMOM|LSORBIT|SAXIS|LDAU|LMAXMIX|LASPH,,Adds another ionic-insulator baseline.
P227_LiF_Line_Mode_Bands,mp,mp-bru,LiF,line_mode_bands,line_mode_bands,ionic_insulator,nscf_workflow,L3,band_structure,Line,band_structure,,Lithium fluoride line-mode band structure,Assume the charge density comes from a prior SCF run and this task is only the line-mode band calculation.,"This is a non-self-consistent band-structure step, not a geometry optimization or a fresh SCF run.",,,ICHARG|ISYM|IBRION|NSW,ENCUT|EDIFF|ISMEAR,,PREC|ALGO|LREAL,SYSTEM|LWAVE|LCHARG|ISPIN|MAGMOM|LSORBIT|SAXIS|LDAU|LMAXMIX|LASPH,,Adds line-mode bands for an ionic insulator.
P228_LiF_DOS_NSCF,mp,mp-bru,LiF,dos_nscf,dos_nscf,ionic_insulator,nscf_workflow,L3,density_of_states,Static,dos_nscf,,Lithium fluoride DOS post-processing step,Assume this is a DOS calculation using a previously converged charge density.,"This is a non-self-consistent DOS post-processing step, not a fresh SCF run or a geometry optimization.",,,ICHARG|ISYM|IBRION|NSW,ISMEAR|SIGMA,,PREC|ALGO,SYSTEM|LWAVE|LCHARG|ISPIN|MAGMOM|LSORBIT|SAXIS|LDAU|LMAXMIX|LASPH,,Adds DOS-style NSCF INCAR coverage for an ionic insulator.
P233_KCl_Static_SCF,mp,mp-23193,KCl,static_scf,static_scf,ionic_insulator,semiconductor_smearing,L2,ground_state_energy,Static,static_default,,Potassium chloride static SCF,Prepare an INCAR for a standalone static total-energy calculation.,"This is a single-point SCF task, not a structure relaxation or post-processing workflow.",,,IBRION|NSW,ENCUT|EDIFF|ISMEAR|SIGMA,,PREC|ALGO|LREAL,SYSTEM|LWAVE|LCHARG|ISPIN|MAGMOM|LSORBIT|SAXIS|LDAU|LMAXMIX|LASPH,,Adds another ionic-insulator baseline.
P234_KCl_Geometry_Relax,mp,mp-23193,KCl,geometry_relax,geometry_relax,ionic_insulator,relax_semantics,L2,force_converged_structure,Static,relax_default,,Potassium chloride relaxation,Prepare an INCAR for a geometry optimization.,This task should relax the structure until forces are small; it is not a static single-point or post-processing step.,,,IBRION|ISIF,NSW|EDIFFG|ENCUT|EDIFF|ISMEAR,,SIGMA|PREC|ALGO,SYSTEM|LWAVE|LCHARG|ISPIN|MAGMOM|LSORBIT|SAXIS|LDAU|LMAXMIX|LASPH,,Adds another ionic relaxation case.
P235_KCl_Line_Mode_Bands,mp,mp-23193,KCl,line_mode_bands,line_mode_bands,ionic_insulator,nscf_workflow,L3,band_structure,Line,band_structure,,Potassium chloride line-mode band structure,Assume the charge density comes from a prior SCF run and this task is only the line-mode band calculation.,"This is a non-self-consistent band-structure step, not a geometry optimization or a fresh SCF run.",,,ICHARG|ISYM|IBRION|NSW,ENCUT|EDIFF|ISMEAR,,PREC|ALGO|LREAL,SYSTEM|LWAVE|LCHARG|ISPIN|MAGMOM|LSORBIT|SAXIS|LDAU|LMAXMIX|LASPH,,Adds line-mode bands for an ionic insulator.
P236_KCl_DOS_NSCF,mp,mp-23193,KCl,dos_nscf,dos_nscf,ionic_insulator,nscf_workflow,L3,density_of_states,Static,dos_nscf,,Potassium chloride DOS post-processing step,Assume this is a DOS calculation using a previously converged charge density.,"This is a non-self-consistent DOS post-processing step, not a fresh SCF run or a geometry optimization.",,,ICHARG|ISYM|IBRION|NSW,ISMEAR|SIGMA,,PREC|ALGO,SYSTEM|LWAVE|LCHARG|ISPIN|MAGMOM|LSORBIT|SAXIS|LDAU|LMAXMIX|LASPH,,Adds DOS-style NSCF INCAR coverage for an ionic insulator.
P237_MoS2_Static_SCF,mp,mp-cgmaf,MoS2,static_scf,static_scf,layered_material,semiconductor_smearing,L2,ground_state_energy,Static,static_default,,Layered molybdenum disulfide static SCF,Prepare an INCAR for a standalone static total-energy calculation.,"This is a single-point SCF task, not a structure relaxation or post-processing workflow.",,,IBRION|NSW,ENCUT|EDIFF|ISMEAR|SIGMA,,PREC|ALGO|LREAL,SYSTEM|LWAVE|LCHARG|ISPIN|MAGMOM|LSORBIT|SAXIS|LDAU|LMAXMIX|LASPH,,Adds a layered-material static baseline.
P239_MoS2_Line_Mode_Bands,mp,mp-cgmaf,MoS2,line_mode_bands,line_mode_bands,layered_material,nscf_workflow,L3,band_structure,Line,band_structure,,Layered molybdenum disulfide line-mode band structure,Assume the charge density comes from a prior SCF run and this task is only the line-mode band calculation.,"This is a non-self-consistent band-structure step, not a geometry optimization or a fresh SCF run.",,,ICHARG|ISYM|IBRION|NSW,ENCUT|EDIFF|ISMEAR,,PREC|ALGO|LREAL,SYSTEM|LWAVE|LCHARG|ISPIN|MAGMOM|LSORBIT|SAXIS|LDAU|LMAXMIX|LASPH,,Adds line-mode bands for a layered material.
P240_MoS2_DOS_NSCF,mp,mp-cgmaf,MoS2,dos_nscf,dos_nscf,layered_material,nscf_workflow,L3,density_of_states,Static,dos_nscf,,Layered molybdenum disulfide DOS post-processing step,Assume this is a DOS calculation using a previously converged charge density.,"This is a non-self-consistent DOS post-processing step, not a fresh SCF run or a geometry optimization.",,,ICHARG|ISYM|IBRION|NSW,ISMEAR|SIGMA,,PREC|ALGO,SYSTEM|LWAVE|LCHARG|ISPIN|MAGMOM|LSORBIT|SAXIS|LDAU|LMAXMIX|LASPH,,Adds DOS-style NSCF INCAR coverage for a layered material.
P245_BN_Static_SCF,mp,mp-604884,BN,static_scf,static_scf,layered_material,semiconductor_smearing,L2,ground_state_energy,Static,static_default,,Layered hexagonal boron nitride static SCF,Prepare an INCAR for a standalone static total-energy calculation.,"This is a single-point SCF task, not a structure relaxation or post-processing workflow.",,,IBRION|NSW,ENCUT|EDIFF|ISMEAR|SIGMA,,PREC|ALGO|LREAL,SYSTEM|LWAVE|LCHARG|ISPIN|MAGMOM|LSORBIT|SAXIS|LDAU|LMAXMIX|LASPH,,Adds a layered-material static baseline.
P246_BN_Geometry_Relax,mp,mp-604884,BN,geometry_relax,geometry_relax,layered_material,vdw_semantics,L3,force_converged_structure,Static,relax_default,,Layered hexagonal boron nitride relaxation,Prepare an INCAR for a geometry optimization.,This task should relax the structure until forces are small; it is not a static single-point or post-processing step.,,,IBRION|ISIF,NSW|EDIFFG|ENCUT|ISMEAR,,SIGMA|PREC|ALGO,SYSTEM|LWAVE|LCHARG|ISPIN|MAGMOM|LSORBIT|SAXIS|LDAU|LMAXMIX|LASPH|IVDW,,Adds a layered-material relaxation where interlayer treatment matters. Seed lacks IVDW; these keys are therefore ignored in scoring.
P247_BN_Line_Mode_Bands,mp,mp-604884,BN,line_mode_bands,line_mode_bands,layered_material,nscf_workflow,L3,band_structure,Line,band_structure,,Layered hexagonal boron nitride line-mode band structure,Assume the charge density comes from a prior SCF run and this task is only the line-mode band calculation.,"This is a non-self-consistent band-structure step, not a geometry optimization or a fresh SCF run.",,,ICHARG|ISYM|IBRION|NSW,ENCUT|EDIFF|ISMEAR,,PREC|ALGO|LREAL,SYSTEM|LWAVE|LCHARG|ISPIN|MAGMOM|LSORBIT|SAXIS|LDAU|LMAXMIX|LASPH,,Adds line-mode bands for a layered material.
P248_BN_DOS_NSCF,mp,mp-604884,BN,dos_nscf,dos_nscf,layered_material,nscf_workflow,L3,density_of_states,Static,dos_nscf,,Layered hexagonal boron nitride DOS post-processing step,Assume this is a DOS calculation using a previously converged charge density.,"This is a non-self-consistent DOS post-processing step, not a fresh SCF run or a geometry optimization.",,,ICHARG|ISYM|IBRION|NSW,ISMEAR|SIGMA,,PREC|ALGO,SYSTEM|LWAVE|LCHARG|ISPIN|MAGMOM|LSORBIT|SAXIS|LDAU|LMAXMIX|LASPH,,Adds DOS-style NSCF INCAR coverage for a layered material.
P250_Fe_Geometry_Relax,mp,mp-n,Fe,geometry_relax,geometry_relax,magnetic_metal,magnetic_initialization,L3,force_converged_structure,Static,relax_default,,Ferromagnetic iron relaxation,Prepare an INCAR for a geometry optimization.,This task should relax the structure until forces are small; it is not a static single-point or post-processing step.,,MAGMOM=auto_by_species,ISPIN|IBRION|ISIF,NSW|EDIFFG|ENCUT|EDIFF|ISMEAR,,SIGMA|MAGMOM|PREC|ALGO,SYSTEM|LWAVE|LCHARG|LSORBIT|SAXIS|LDAU|LMAXMIX|LASPH,,Adds magnetic-metal relaxation semantics.
P251_Fe_Line_Mode_Bands,mp,mp-n,Fe,line_mode_bands,line_mode_bands,magnetic_metal,spin_semantics,L3,band_structure,Line,band_structure,,Ferromagnetic iron line-mode band structure,Assume the charge density comes from a prior SCF run and this task is only the line-mode band calculation.,"This is a non-self-consistent band-structure step, not a geometry optimization or a fresh SCF run.",,,ICHARG|ISYM|IBRION|NSW|ISPIN,ENCUT|EDIFF|ISMEAR,,MAGMOM|PREC|ALGO|LREAL,SYSTEM|LWAVE|LCHARG|LSORBIT|SAXIS|LDAU|LMAXMIX|LASPH,,Adds line-mode bands for a magnetic metal.
P252_Fe_DOS_NSCF,mp,mp-n,Fe,dos_nscf,dos_nscf,magnetic_metal,spin_semantics,L3,density_of_states,Static,dos_nscf,,Ferromagnetic iron DOS post-processing step,Assume this is a DOS calculation using a previously converged charge density.,"This is a non-self-consistent DOS post-processing step, not a fresh SCF run or a geometry optimization.",,,ICHARG|ISYM|IBRION|NSW|ISPIN,ISMEAR|SIGMA,,MAGMOM|PREC|ALGO,SYSTEM|LWAVE|LCHARG|LSORBIT|SAXIS|LDAU|LMAXMIX|LASPH,,Adds DOS-style NSCF INCAR coverage for a magnetic metal.
P257_Ni_Static_SCF,mp,mp-23,Ni,static_scf,static_scf,magnetic_metal,spin_semantics,L2,ground_state_energy,Static,static_magnetic,,Ferromagnetic nickel static SCF,Prepare an INCAR for a standalone static total-energy calculation.,"This is a single-point SCF task, not a structure relaxation or post-processing workflow.",,MAGMOM=auto_by_species,ISPIN|IBRION|NSW,ENCUT|EDIFF|ISMEAR|SIGMA,,MAGMOM|PREC|ALGO,SYSTEM|LWAVE|LCHARG|LSORBIT|SAXIS|LDAU|LMAXMIX|LASPH,,Extends magnetic-metal coverage.
P258_Ni_Geometry_Relax,mp,mp-23,Ni,geometry_relax,geometry_relax,magnetic_metal,magnetic_initialization,L3,force_converged_structure,Static,relax_default,,Ferromagnetic nickel relaxation,Prepare an INCAR for a geometry optimization.,This task should relax the structure until forces are small; it is not a static single-point or post-processing step.,,MAGMOM=auto_by_species,ISPIN|IBRION|ISIF,NSW|EDIFFG|ENCUT|EDIFF|ISMEAR,,SIGMA|MAGMOM|PREC|ALGO,SYSTEM|LWAVE|LCHARG|LSORBIT|SAXIS|LDAU|LMAXMIX|LASPH,,Adds magnetic-metal relaxation semantics.
P259_Ni_Line_Mode_Bands,mp,mp-23,Ni,line_mode_bands,line_mode_bands,magnetic_metal,spin_semantics,L3,band_structure,Line,band_structure,,Ferromagnetic nickel line-mode band structure,Assume the charge density comes from a prior SCF run and this task is only the line-mode band calculation.,"This is a non-self-consistent band-structure step, not a geometry optimization or a fresh SCF run.",,,ICHARG|ISYM|IBRION|NSW|ISPIN,ENCUT|EDIFF|ISMEAR,,MAGMOM|PREC|ALGO|LREAL,SYSTEM|LWAVE|LCHARG|LSORBIT|SAXIS|LDAU|LMAXMIX|LASPH,,Adds line-mode bands for a magnetic metal.
P260_Ni_DOS_NSCF,mp,mp-23,Ni,dos_nscf,dos_nscf,magnetic_metal,spin_semantics,L3,density_of_states,Static,dos_nscf,,Ferromagnetic nickel DOS post-processing step,Assume this is a DOS calculation using a previously converged charge density.,"This is a non-self-consistent DOS post-processing step, not a fresh SCF run or a geometry optimization.",,,ICHARG|ISYM|IBRION|NSW|ISPIN,ISMEAR|SIGMA,,MAGMOM|PREC|ALGO,SYSTEM|LWAVE|LCHARG|LSORBIT|SAXIS|LDAU|LMAXMIX|LASPH,,Adds DOS-style NSCF INCAR coverage for a magnetic metal.
P261_Al_Static_SCF,mp,mp-fe,Al,static_scf,static_scf,metal,metal_smearing,L2,ground_state_energy,Static,static_default,,FCC aluminum static SCF,Prepare an INCAR for a standalone static total-energy calculation.,"This is a single-point SCF task, not a structure relaxation or post-processing workflow.",,,IBRION|NSW,ENCUT|EDIFF|ISMEAR|SIGMA,,PREC|ALGO|LREAL,SYSTEM|LWAVE|LCHARG|ISPIN|MAGMOM|LSORBIT|SAXIS|LDAU|LMAXMIX|LASPH,,Adds another elemental metal baseline.
P262_Al_Geometry_Relax,mp,mp-fe,Al,geometry_relax,geometry_relax,metal,relax_semantics,L2,force_converged_structure,Static,relax_default,,FCC aluminum relaxation,Prepare an INCAR for a geometry optimization.,This task should relax the structure until forces are small; it is not a static single-point or post-processing step.,,,IBRION|ISIF,NSW|EDIFFG|ENCUT|EDIFF|ISMEAR,,SIGMA|PREC|ALGO,SYSTEM|LWAVE|LCHARG|ISPIN|MAGMOM|LSORBIT|SAXIS|LDAU|LMAXMIX|LASPH,,Adds a metallic relaxation case.
P263_Al_Line_Mode_Bands,mp,mp-fe,Al,line_mode_bands,line_mode_bands,metal,nscf_workflow,L3,band_structure,Line,band_structure,,FCC aluminum line-mode band structure,Assume the charge density comes from a prior SCF run and this task is only the line-mode band calculation.,"This is a non-self-consistent band-structure step, not a geometry optimization or a fresh SCF run.",,,ICHARG|ISYM|IBRION|NSW,ENCUT|EDIFF|ISMEAR,,PREC|ALGO|LREAL,SYSTEM|LWAVE|LCHARG|ISPIN|MAGMOM|LSORBIT|SAXIS|LDAU|LMAXMIX|LASPH,,Adds line-mode bands for a metal.
P264_Al_DOS_NSCF,mp,mp-fe,Al,dos_nscf,dos_nscf,metal,nscf_workflow,L3,density_of_states,Static,dos_nscf,,FCC aluminum DOS post-processing step,Assume this is a DOS calculation using a previously converged charge density.,"This is a non-self-consistent DOS post-processing step, not a fresh SCF run or a geometry optimization.",,,ICHARG|ISYM|IBRION|NSW,ISMEAR|SIGMA,,PREC|ALGO,SYSTEM|LWAVE|LCHARG|ISPIN|MAGMOM|LSORBIT|SAXIS|LDAU|LMAXMIX|LASPH,,Adds DOS-style NSCF INCAR coverage for a metal.
P269_Pt_Static_SCF,mp,mp-126,Pt,static_scf,static_scf,metal,metal_smearing,L2,ground_state_energy,Static,static_default,,FCC platinum static SCF,Prepare an INCAR for a standalone static total-energy calculation.,"This is a single-point SCF task, not a structure relaxation or post-processing workflow.",,,IBRION|NSW,ENCUT|EDIFF|ISMEAR|SIGMA,,PREC|ALGO|LREAL,SYSTEM|LWAVE|LCHARG|ISPIN|MAGMOM|LSORBIT|SAXIS|LDAU|LMAXMIX|LASPH,,Adds another elemental metal baseline.
P270_Pt_Geometry_Relax,mp,mp-126,Pt,geometry_relax,geometry_relax,metal,relax_semantics,L2,force_converged_structure,Static,relax_default,,FCC platinum relaxation,Prepare an INCAR for a geometry optimization.,This task should relax the structure until forces are small; it is not a static single-point or post-processing step.,,,IBRION|ISIF,NSW|EDIFFG|ENCUT|EDIFF|ISMEAR,,SIGMA|PREC|ALGO,SYSTEM|LWAVE|LCHARG|ISPIN|MAGMOM|LSORBIT|SAXIS|LDAU|LMAXMIX|LASPH,,Adds a metallic relaxation case.
P271_Pt_Line_Mode_Bands,mp,mp-126,Pt,line_mode_bands,line_mode_bands,metal,nscf_workflow,L3,band_structure,Line,band_structure,,FCC platinum line-mode band structure,Assume the charge density comes from a prior SCF run and this task is only the line-mode band calculation.,"This is a non-self-consistent band-structure step, not a geometry optimization or a fresh SCF run.",,,ICHARG|ISYM|IBRION|NSW,ENCUT|EDIFF|ISMEAR,,PREC|ALGO|LREAL,SYSTEM|LWAVE|LCHARG|ISPIN|MAGMOM|LSORBIT|SAXIS|LDAU|LMAXMIX|LASPH,,Adds line-mode bands for a metal.
P272_Pt_DOS_NSCF,mp,mp-126,Pt,dos_nscf,dos_nscf,metal,nscf_workflow,L3,density_of_states,Static,dos_nscf,,FCC platinum DOS post-processing step,Assume this is a DOS calculation using a previously converged charge density.,"This is a non-self-consistent DOS post-processing step, not a fresh SCF run or a geometry optimization.",,,ICHARG|ISYM|IBRION|NSW,ISMEAR|SIGMA,,PREC|ALGO,SYSTEM|LWAVE|LCHARG|ISPIN|MAGMOM|LSORBIT|SAXIS|LDAU|LMAXMIX|LASPH,,Adds DOS-style NSCF INCAR coverage for a metal.
P274_TiO2_Geometry_Relax,mp,mp-390,TiO2,geometry_relax,geometry_relax,oxide,relax_semantics,L2,force_converged_structure,Static,relax_default,,Rutile titanium dioxide relaxation,Prepare an INCAR for a geometry optimization.,This task should relax the structure until forces are small; it is not a static single-point or post-processing step.,,,IBRION|ISIF,NSW|EDIFFG|ENCUT|EDIFF|ISMEAR,,SIGMA|PREC|ALGO,SYSTEM|LWAVE|LCHARG|ISPIN|MAGMOM|LSORBIT|SAXIS|LDAU|LMAXMIX|LASPH,,Adds oxide relaxation coverage.
P275_TiO2_Line_Mode_Bands,mp,mp-390,TiO2,line_mode_bands,line_mode_bands,oxide,symmetry_sensitive,L3,band_structure,Line,band_structure,,Rutile titanium dioxide line-mode band structure,Assume the charge density comes from a prior SCF run and this task is only the line-mode band calculation.,"This is a non-self-consistent band-structure step, not a geometry optimization or a fresh SCF run.",,,ICHARG|ISYM|IBRION|NSW,ENCUT|EDIFF|ISMEAR,,PREC|ALGO|LREAL,SYSTEM|LWAVE|LCHARG|ISPIN|MAGMOM|LSORBIT|SAXIS|LDAU|LMAXMIX|LASPH,,Adds a low-symmetry oxide line-mode band case.
P276_TiO2_DOS_NSCF,mp,mp-390,TiO2,dos_nscf,dos_nscf,oxide,nscf_workflow,L3,density_of_states,Static,dos_nscf,,Rutile titanium dioxide DOS post-processing step,Assume this is a DOS calculation using a previously converged charge density.,"This is a non-self-consistent DOS post-processing step, not a fresh SCF run or a geometry optimization.",,,ICHARG|ISYM|IBRION|NSW,ISMEAR|SIGMA,,PREC|ALGO,SYSTEM|LWAVE|LCHARG|ISPIN|MAGMOM|LSORBIT|SAXIS|LDAU|LMAXMIX|LASPH,,Adds oxide DOS post-processing coverage.
P281_HfO2_Static_SCF,mp,mp-352,HfO2,static_scf,static_scf,oxide,semiconductor_smearing,L2,ground_state_energy,Static,static_default,,Monoclinic hafnia static SCF,Prepare an INCAR for a standalone static total-energy calculation.,"This is a single-point SCF task, not a structure relaxation or post-processing workflow.",,,IBRION|NSW,ENCUT|EDIFF|ISMEAR|SIGMA,,PREC|ALGO|LREAL,SYSTEM|LWAVE|LCHARG|ISPIN|MAGMOM|LSORBIT|SAXIS|LDAU|LMAXMIX|LASPH,,Adds another simple oxide baseline.
P282_HfO2_Geometry_Relax,mp,mp-352,HfO2,geometry_relax,geometry_relax,oxide,relax_semantics,L2,force_converged_structure,Static,relax_default,,Monoclinic hafnia relaxation,Prepare an INCAR for a geometry optimization.,This task should relax the structure until forces are small; it is not a static single-point or post-processing step.,,,IBRION|ISIF,NSW|EDIFFG|ENCUT|EDIFF|ISMEAR,,SIGMA|PREC|ALGO,SYSTEM|LWAVE|LCHARG|ISPIN|MAGMOM|LSORBIT|SAXIS|LDAU|LMAXMIX|LASPH,,Adds oxide relaxation coverage.
P283_HfO2_Line_Mode_Bands,mp,mp-352,HfO2,line_mode_bands,line_mode_bands,oxide,symmetry_sensitive,L3,band_structure,Line,band_structure,,Monoclinic hafnia line-mode band structure,Assume the charge density comes from a prior SCF run and this task is only the line-mode band calculation.,"This is a non-self-consistent band-structure step, not a geometry optimization or a fresh SCF run.",,,ICHARG|ISYM|IBRION|NSW,ENCUT|EDIFF|ISMEAR,,PREC|ALGO|LREAL,SYSTEM|LWAVE|LCHARG|ISPIN|MAGMOM|LSORBIT|SAXIS|LDAU|LMAXMIX|LASPH,,Adds a low-symmetry oxide line-mode band case.
P284_HfO2_DOS_NSCF,mp,mp-352,HfO2,dos_nscf,dos_nscf,oxide,nscf_workflow,L3,density_of_states,Static,dos_nscf,,Monoclinic hafnia DOS post-processing step,Assume this is a DOS calculation using a previously converged charge density.,"This is a non-self-consistent DOS post-processing step, not a fresh SCF run or a geometry optimization.",,,ICHARG|ISYM|IBRION|NSW,ISMEAR|SIGMA,,PREC|ALGO,SYSTEM|LWAVE|LCHARG|ISPIN|MAGMOM|LSORBIT|SAXIS|LDAU|LMAXMIX|LASPH,,Adds oxide DOS post-processing coverage.
P289_GaP_Static_SCF,mp,mp-2490,GaP,static_scf,static_scf,semiconductor,semiconductor_smearing,L2,ground_state_energy,Static,static_default,,Zinc-blende gallium phosphide static SCF,Prepare an INCAR for a standalone static total-energy calculation.,"This is a single-point SCF task, not a structure relaxation or post-processing workflow.",,,IBRION|NSW,ENCUT|EDIFF|ISMEAR|SIGMA,,PREC|ALGO|LREAL,SYSTEM|LWAVE|LCHARG|ISPIN|MAGMOM|LSORBIT|SAXIS|LDAU|LMAXMIX|LASPH,,Adds another semiconductor baseline.
P290_GaP_Geometry_Relax,mp,mp-2490,GaP,geometry_relax,geometry_relax,semiconductor,relax_semantics,L2,force_converged_structure,Static,relax_default,,Zinc-blende gallium phosphide relaxation,Prepare an INCAR for a geometry optimization.,This task should relax the structure until forces are small; it is not a static single-point or post-processing step.,,,IBRION|ISIF,NSW|EDIFFG|ENCUT|EDIFF|ISMEAR,,SIGMA|PREC|ALGO,SYSTEM|LWAVE|LCHARG|ISPIN|MAGMOM|LSORBIT|SAXIS|LDAU|LMAXMIX|LASPH,,Adds a semiconductor relaxation case.
P291_GaP_Line_Mode_Bands,mp,mp-2490,GaP,line_mode_bands,line_mode_bands,semiconductor,nscf_workflow,L3,band_structure,Line,band_structure,,Zinc-blende gallium phosphide line-mode band structure,Assume the charge density comes from a prior SCF run and this task is only the line-mode band calculation.,"This is a non-self-consistent band-structure step, not a geometry optimization or a fresh SCF run.",,,ICHARG|ISYM|IBRION|NSW,ENCUT|EDIFF|ISMEAR,,PREC|ALGO|LREAL,SYSTEM|LWAVE|LCHARG|ISPIN|MAGMOM|LSORBIT|SAXIS|LDAU|LMAXMIX|LASPH,,Adds line-mode bands for a semiconductor.
P292_GaP_DOS_NSCF,mp,mp-2490,GaP,dos_nscf,dos_nscf,semiconductor,nscf_workflow,L3,density_of_states,Static,dos_nscf,,Zinc-blende gallium phosphide DOS post-processing step,Assume this is a DOS calculation using a previously converged charge density.,"This is a non-self-consistent DOS post-processing step, not a fresh SCF run or a geometry optimization.",,,ICHARG|ISYM|IBRION|NSW,ISMEAR|SIGMA,,PREC|ALGO,SYSTEM|LWAVE|LCHARG|ISPIN|MAGMOM|LSORBIT|SAXIS|LDAU|LMAXMIX|LASPH,,Adds DOS-style NSCF INCAR coverage for a semiconductor.
P293_CdTe_Static_SCF,mp,mp-406,CdTe,static_scf,static_scf,semiconductor,semiconductor_smearing,L2,ground_state_energy,Static,static_default,,Zinc-blende cadmium telluride static SCF,Prepare an INCAR for a standalone static total-energy calculation.,"This is a single-point SCF task, not a structure relaxation or post-processing workflow.",,,IBRION|NSW,ENCUT|EDIFF|ISMEAR|SIGMA,,PREC|ALGO|LREAL,SYSTEM|LWAVE|LCHARG|ISPIN|MAGMOM|LSORBIT|SAXIS|LDAU|LMAXMIX|LASPH,,Adds another semiconductor baseline.
P294_CdTe_Geometry_Relax,mp,mp-406,CdTe,geometry_relax,geometry_relax,semiconductor,relax_semantics,L2,force_converged_structure,Static,relax_default,,Zinc-blende cadmium telluride relaxation,Prepare an INCAR for a geometry optimization.,This task should relax the structure until forces are small; it is not a static single-point or post-processing step.,,,IBRION|ISIF,NSW|EDIFFG|ENCUT|EDIFF|ISMEAR,,SIGMA|PREC|ALGO,SYSTEM|LWAVE|LCHARG|ISPIN|MAGMOM|LSORBIT|SAXIS|LDAU|LMAXMIX|LASPH,,Adds a semiconductor relaxation case.
P295_CdTe_Line_Mode_Bands,mp,mp-406,CdTe,line_mode_bands,line_mode_bands,semiconductor,nscf_workflow,L3,band_structure,Line,band_structure,,Zinc-blende cadmium telluride line-mode band structure,Assume the charge density comes from a prior SCF run and this task is only the line-mode band calculation.,"This is a non-self-consistent band-structure step, not a geometry optimization or a fresh SCF run.",,,ICHARG|ISYM|IBRION|NSW,ENCUT|EDIFF|ISMEAR,,PREC|ALGO|LREAL,SYSTEM|LWAVE|LCHARG|ISPIN|MAGMOM|LSORBIT|SAXIS|LDAU|LMAXMIX|LASPH,,Adds line-mode bands for a semiconductor.
P296_CdTe_DOS_NSCF,mp,mp-406,CdTe,dos_nscf,dos_nscf,semiconductor,nscf_workflow,L3,density_of_states,Static,dos_nscf,,Zinc-blende cadmium telluride DOS post-processing step,Assume this is a DOS calculation using a previously converged charge density.,"This is a non-self-consistent DOS post-processing step, not a fresh SCF run or a geometry optimization.",,,ICHARG|ISYM|IBRION|NSW,ISMEAR|SIGMA,,PREC|ALGO,SYSTEM|LWAVE|LCHARG|ISPIN|MAGMOM|LSORBIT|SAXIS|LDAU|LMAXMIX|LASPH,,Adds DOS-style NSCF INCAR coverage for a semiconductor.
P297_Si_Geometry_Relax,mp,mp-ft,Si,geometry_relax,geometry_relax,semiconductor,relax_semantics,L2,force_converged_structure,Static,relax_default,,Diamond silicon geometry relaxation,Prepare an INCAR for a geometry optimization.,This task should relax the structure until forces are small; it is not a static single-point or post-processing step.,,,IBRION|ISIF,NSW|EDIFFG|ENCUT|EDIFF|ISMEAR,,SIGMA|PREC|ALGO,SYSTEM|LWAVE|LCHARG|ISPIN|MAGMOM|LSORBIT|SAXIS|LDAU|LMAXMIX|LASPH,,Expands Si into a full four-task material group.
P298_Si_DOS_NSCF,mp,mp-ft,Si,dos_nscf,dos_nscf,semiconductor,nscf_workflow,L3,density_of_states,Static,dos_nscf,,Diamond silicon DOS post-processing step,Assume this is a DOS calculation using a previously converged charge density.,"This is a non-self-consistent DOS post-processing step, not a fresh SCF run or a geometry optimization.",,,ICHARG|ISYM|IBRION|NSW,ISMEAR|SIGMA,,PREC|ALGO,SYSTEM|LWAVE|LCHARG|ISPIN|MAGMOM|LSORBIT|SAXIS|LDAU|LMAXMIX|LASPH,,Expands Si into a full four-task material group.
P299_AlN_Static_SCF,mp,mp-zl,AlN,static_scf,static_scf,semiconductor,semiconductor_smearing,L2,ground_state_energy,Static,static_default,,Wurtzite aluminum nitride static SCF,Prepare an INCAR for a standalone static total-energy calculation.,"This is a single-point SCF task, not a structure relaxation or post-processing workflow.",,,IBRION|NSW,ENCUT|EDIFF|ISMEAR|SIGMA,,PREC|ALGO|LREAL,SYSTEM|LWAVE|LCHARG|ISPIN|MAGMOM|LSORBIT|SAXIS|LDAU|LMAXMIX|LASPH,,Expands AlN into a full four-task material group.
P300_AlN_Line_Mode_Bands,mp,mp-zl,AlN,line_mode_bands,line_mode_bands,semiconductor,nscf_workflow,L3,band_structure,Line,band_structure,,Wurtzite aluminum nitride line-mode band structure,Assume the charge density comes from a prior SCF run and this task is only the line-mode band calculation.,"This is a non-self-consistent band-structure step, not a geometry optimization or a fresh SCF run.",,,ICHARG|ISYM|IBRION|NSW,ENCUT|EDIFF|ISMEAR,,PREC|ALGO|LREAL,SYSTEM|LWAVE|LCHARG|ISPIN|MAGMOM|LSORBIT|SAXIS|LDAU|LMAXMIX|LASPH,,Expands AlN into a full four-task material group.
P301_AlN_DOS_NSCF,mp,mp-zl,AlN,dos_nscf,dos_nscf,semiconductor,nscf_workflow,L3,density_of_states,Static,dos_nscf,,Wurtzite aluminum nitride DOS post-processing step,Assume this is a DOS calculation using a previously converged charge density.,"This is a non-self-consistent DOS post-processing step, not a fresh SCF run or a geometry optimization.",,,ICHARG|ISYM|IBRION|NSW,ISMEAR|SIGMA,,PREC|ALGO,SYSTEM|LWAVE|LCHARG|ISPIN|MAGMOM|LSORBIT|SAXIS|LDAU|LMAXMIX|LASPH,,Expands AlN into a full four-task material group.
P302_GaAs_Static_SCF,mp,mp-dtm,GaAs,static_scf,static_scf,semiconductor,semiconductor_smearing,L2,ground_state_energy,Static,static_default,,Zinc-blende gallium arsenide static SCF,Prepare an INCAR for a standalone static total-energy calculation.,"This is a single-point SCF task, not a structure relaxation or post-processing workflow.",,,IBRION|NSW,ENCUT|EDIFF|ISMEAR|SIGMA,,PREC|ALGO|LREAL,SYSTEM|LWAVE|LCHARG|ISPIN|MAGMOM|LSORBIT|SAXIS|LDAU|LMAXMIX|LASPH,,Expands GaAs into a full four-task material group.
P303_GaAs_Geometry_Relax,mp,mp-dtm,GaAs,geometry_relax,geometry_relax,semiconductor,relax_semantics,L2,force_converged_structure,Static,relax_default,,Zinc-blende gallium arsenide relaxation,Prepare an INCAR for a geometry optimization.,This task should relax the structure until forces are small; it is not a static single-point or post-processing step.,,,IBRION|ISIF,NSW|EDIFFG|ENCUT|EDIFF|ISMEAR,,SIGMA|PREC|ALGO,SYSTEM|LWAVE|LCHARG|ISPIN|MAGMOM|LSORBIT|SAXIS|LDAU|LMAXMIX|LASPH,,Expands GaAs into a full four-task material group.